Sample_ID,N_Total_Pct,P_Avail_ppm,K_Exch_cmolkg,Mg_Exch_cmolkg,Soil_pH,SOC_Pct,Clay,Silt,Sand,Soil_Moisture_Pct,Annual_Rainfall_mm,Mean_Temp_C,Humidity_Pct,Palm_Age_Yrs,Planting_Density,N_Status,P_Status,K_Status,Mg_Status,Fertility_Class,Leaf_N,Leaf_P,Leaf_K
22_1_IR_0-15,0.18,35.18,0.03,0.08,4.79,1.27,8.09,28.21,63.7,12.81,2292,28.9,84.6,16,137,Adequate,Adequate,Low,Low,Deficient,2.11,0.12,0.94
22_1_IR_15-30,0.18,22.16,0.04,0.05,5.16,1.12,3.66,21.2,75.14,10.32,2292,28.9,84.6,16,137,Adequate,Marginal,Low,Low,Deficient,2.11,0.12,0.94
22_2_IR_0-15,0.19,26.8,0.08,0.17,5.48,1.3,8.09,28.21,63.7,10.61,2292,28.9,84.6,16,137,Adequate,Adequate,Low,Low,Deficient,2.18,0.14,0.96
22_2_IR_15-30,0.16,15.38,0.03,0.12,5.55,1.08,3.66,21.2,75.14,7.56,2292,28.9,84.6,16,137,Adequate,Marginal,Low,Low,Deficient,2.18,0.14,0.96
22_3_IR_0-15,0.18,31.79,0.05,0.19,5.92,1.29,8.09,28.21,63.7,8.01,2292,28.9,84.6,16,137,Adequate,Adequate,Low,Low,Deficient,1.99,0.12,0.81
22_3_IR_15-30,0.17,16.39,0.03,0.11,6.04,1.18,3.66,21.2,75.14,11.01,2292,28.9,84.6,16,137,Adequate,Marginal,Low,Low,Deficient,1.99,0.12,0.81
22_1_PC_0-15,0.17,49.09,0.06,0.08,4.72,1.11,8.09,28.21,63.7,10.67,2292,28.9,84.6,16,137,Adequate,Adequate,Low,Low,Deficient,2.11,0.12,0.94
22_1_PC_15-30,0.16,17.97,0.03,0.05,4.27,1.03,3.66,21.2,75.14,7.99,2292,28.9,84.6,16,137,Adequate,Marginal,Low,Low,Deficient,2.11,0.12,0.94
22_2_PC_0-15,0.2,37.75,0.09,0.12,4.61,1.35,8.09,28.21,63.7,13.38,2292,28.9,84.6,16,137,Adequate,Adequate,Low,Low,Deficient,2.18,0.14,0.96
22_2_PC_15-30,0.18,9.59,0.13,0.06,4.38,1.15,3.66,21.2,75.14,7.01,2292,28.9,84.6,16,137,Adequate,Low,Low,Low,Deficient,2.18,0.14,0.96
22_3_PC_0-15,0.18,35.78,0.09,0.15,4.82,1.29,8.09,28.21,63.7,12.69,2292,28.9,84.6,16,137,Adequate,Adequate,Low,Low,Deficient,1.99,0.12,0.81
22_3_PC_15-30,0.2,15.37,0.03,0.05,4.42,1.49,3.66,21.2,75.14,9.4,2292,28.9,84.6,16,137,Adequate,Marginal,Low,Low,Deficient,1.99,0.12,0.81
37_1_IR_0-15,0.18,1.6,0.07,0.08,4.62,0.94,14.32,33.39,52.29,12.54,2483,26.5,73.1,8,144,Adequate,Low,Low,Low,Deficient,2.63,0.14,1.13
37_1_IR_15-30,0.14,1.6,0.05,0.05,4.58,0.57,12.72,32.44,54.84,13.67,2483,26.5,73.1,8,144,Marginal,Low,Low,Low,Deficient,2.63,0.14,1.13
37_2_IR_0-15,0.18,0.4,0.08,0.13,4.78,1.13,14.32,33.39,52.29,16.56,2483,26.5,73.1,8,144,Adequate,Low,Low,Low,Deficient,2.64,0.15,1.05
37_2_IR_15-30,0.13,0.2,0.05,0.06,4.59,0.47,12.72,32.44,54.84,15.41,2483,26.5,73.1,8,144,Marginal,Low,Low,Low,Deficient,2.64,0.15,1.05
37_3_IR_0-15,0.14,0.8,0.05,0.1,5.32,0.59,14.32,33.39,52.29,17.61,2483,26.5,73.1,8,144,Marginal,Low,Low,Low,Deficient,2.17,0.12,1.32
37_3_IR_15-30,0.18,3.38,0.11,0.11,5.36,0.96,12.72,32.44,54.84,14.49,2483,26.5,73.1,8,144,Adequate,Low,Low,Low,Deficient,2.17,0.12,1.32
37_1_PC_0-15,0.18,5.59,0.13,0.13,4.24,0.91,14.32,33.39,52.29,21.36,2483,26.5,73.1,8,144,Adequate,Low,Low,Low,Deficient,2.63,0.14,1.13
37_1_PC_15-30,0.14,1.4,0.07,0.05,4.09,0.56,12.72,32.44,54.84,11.98,2483,26.5,73.1,8,144,Marginal,Low,Low,Low,Deficient,2.63,0.14,1.13
37_2_PC_0-15,0.16,6.39,0.07,0.08,4.3,0.89,14.32,33.39,52.29,13.82,2483,26.5,73.1,8,144,Adequate,Low,Low,Low,Deficient,2.64,0.15,1.05
37_2_PC_15-30,0.13,1.6,0.05,0.04,3.95,0.48,12.72,32.44,54.84,13.7,2483,26.5,73.1,8,144,Marginal,Low,Low,Low,Deficient,2.64,0.15,1.05
37_3_PC_0-15,0.14,12.39,0.12,0.23,5.52,0.76,14.32,33.39,52.29,11.78,2483,26.5,73.1,8,144,Marginal,Low,Low,Marginal,Deficient,2.17,0.12,1.32
37_3_PC_15-30,0.24,3.8,0.08,0.08,4.52,1.51,12.72,32.44,54.84,15.9,2483,26.5,73.1,8,144,Adequate,Low,Low,Low,Deficient,2.17,0.12,1.32
69_1_IR_0-15,0.3,14.59,0.02,0.08,4.92,3.32,3.87,24.96,71.17,9.67,1872,28.6,82.0,10,127,Adequate,Low,Low,Low,Deficient,2.36,0.14,0.92
69_1_IR_15-30,0.22,2.0,0.02,0.06,4.54,3.06,3.49,27.09,69.42,7.71,1872,28.6,82.0,10,127,Adequate,Low,Low,Low,Deficient,2.36,0.14,0.92
69_2_IR_0-15,0.21,36.49,0.03,0.05,4.84,2.13,3.87,24.96,71.17,6.8,1872,28.6,82.0,10,127,Adequate,Adequate,Low,Low,Deficient,2.54,0.16,1.1
69_2_IR_15-30,0.22,5.76,0.04,0.06,4.6,2.97,3.49,27.09,69.42,5.0,1872,28.6,82.0,10,127,Adequate,Low,Low,Low,Deficient,2.54,0.16,1.1
69_3_IR_0-15,0.16,29.79,0.03,0.05,4.49,2.16,3.87,24.96,71.17,6.29,1872,28.6,82.0,10,127,Adequate,Adequate,Low,Low,Deficient,2.25,0.13,1.22
69_3_IR_15-30,0.43,12.59,0.06,0.06,4.37,7.9,3.49,27.09,69.42,9.16,1872,28.6,82.0,10,127,Adequate,Low,Low,Low,Deficient,2.25,0.13,1.22
69_1_PC_0-15,0.24,41.56,0.08,0.66,5.3,2.52,3.87,24.96,71.17,7.44,1872,28.6,82.0,10,127,Adequate,Adequate,Low,Adequate,Deficient,2.36,0.14,0.92
69_1_PC_15-30,0.18,4.99,0.02,0.06,4.45,2.2,3.49,27.09,69.42,6.82,1872,28.6,82.0,10,127,Adequate,Low,Low,Low,Deficient,2.36,0.14,0.92
69_2_PC_0-15,0.16,167.31,0.04,0.12,4.33,1.94,3.87,24.96,71.17,8.87,1872,28.6,82.0,10,127,Adequate,Excessive,Low,Low,Deficient,2.54,0.16,1.1
69_2_PC_15-30,0.14,20.18,0.03,0.05,4.05,1.4,3.49,27.09,69.42,9.99,1872,28.6,82.0,10,127,Marginal,Marginal,Low,Low,Deficient,2.54,0.16,1.1
69_3_PC_0-15,0.11,22.16,0.23,0.21,4.34,1.35,3.87,24.96,71.17,8.38,1872,28.6,82.0,10,127,Low,Marginal,Adequate,Marginal,Deficient,2.25,0.13,1.22
69_3_PC_15-30,0.2,5.0,0.1,0.06,4.3,3.2,3.49,27.09,69.42,8.3,1872,28.6,82.0,10,127,Adequate,Low,Low,Low,Deficient,2.25,0.13,1.22
73_1_IR_0-15,0.12,29.39,0.06,0.27,5.0,0.56,4.86,19.58,75.57,12.89,2588,26.1,89.4,23,108,Marginal,Adequate,Low,Marginal,Deficient,2.21,0.16,0.77
73_1_IR_15-30,0.09,13.75,0.01,0.08,5.52,0.35,2.34,14.45,83.21,9.24,2588,26.1,89.4,23,108,Low,Low,Low,Low,Deficient,2.21,0.16,0.77
73_2_IR_0-15,0.14,16.19,0.02,0.11,5.68,0.77,4.86,19.58,75.57,9.53,2588,26.1,89.4,23,108,Marginal,Marginal,Low,Low,Deficient,2.43,0.16,0.99
73_2_IR_15-30,0.1,13.95,0.02,0.07,6.25,0.38,2.34,14.45,83.21,10.24,2588,26.1,89.4,23,108,Low,Low,Low,Low,Deficient,2.43,0.16,0.99
73_3_IR_0-15,0.15,77.54,0.1,0.12,5.52,0.86,4.86,19.58,75.57,9.64,2588,26.1,89.4,23,108,Marginal,Excessive,Low,Low,Deficient,2.44,0.16,0.97
73_3_IR_15-30,0.12,24.54,0.03,0.07,5.58,0.78,2.34,14.45,83.21,8.15,2588,26.1,89.4,23,108,Marginal,Marginal,Low,Low,Deficient,2.44,0.16,0.97
73_1_PC_0-15,0.14,92.0,0.11,0.39,5.24,0.96,4.86,19.58,75.57,12.7,2588,26.1,89.4,23,108,Marginal,Excessive,Low,Adequate,Deficient,2.21,0.16,0.77
73_1_PC_15-30,0.09,73.72,0.03,0.08,5.0,0.37,2.34,14.45,83.21,8.31,2588,26.1,89.4,23,108,Low,Excessive,Low,Low,Deficient,2.21,0.16,0.77
73_2_PC_0-15,0.16,43.86,0.08,0.05,5.1,1.11,4.86,19.58,75.57,5.0,2588,26.1,89.4,23,108,Adequate,Adequate,Low,Low,Deficient,2.43,0.16,0.99
73_2_PC_15-30,0.14,3.2,0.1,0.07,4.8,0.87,2.34,14.45,83.21,9.58,2588,26.1,89.4,23,108,Marginal,Low,Low,Low,Deficient,2.43,0.16,0.99
73_3_PC_0-15,0.13,62.18,0.36,0.23,4.72,0.62,4.86,19.58,75.57,9.36,2588,26.1,89.4,23,108,Marginal,Excessive,Adequate,Marginal,Marginal,2.44,0.16,0.97
73_3_PC_15-30,0.09,16.75,0.14,0.14,7.37,0.33,2.34,14.45,83.21,8.31,2588,26.1,89.4,23,108,Low,Marginal,Low,Low,Deficient,2.44,0.16,0.97
116_1_IR_0-15,0.17,82.99,0.05,0.03,5.66,0.82,15.82,28.94,55.24,16.91,2736,26.6,73.6,14,165,Adequate,Excessive,Low,Low,Deficient,2.5,0.14,0.55
116_1_IR_15-30,0.14,79.62,0.03,0.04,4.96,0.57,13.27,24.73,62.01,14.39,2736,26.6,73.6,14,165,Marginal,Excessive,Low,Low,Deficient,2.5,0.14,0.55
116_2_IR_0-15,0.19,16.34,0.05,0.14,3.9,0.91,15.82,28.94,55.24,16.43,2736,26.6,73.6,14,165,Adequate,Marginal,Low,Low,Deficient,2.24,0.13,0.77
116_2_IR_15-30,0.17,9.2,0.04,0.11,4.4,0.81,13.27,24.73,62.01,10.68,2736,26.6,73.6,14,165,Adequate,Low,Low,Low,Deficient,2.24,0.13,0.77
116_3_IR_0-15,0.18,1.2,0.05,0.08,3.89,0.87,15.82,28.94,55.24,14.11,2736,26.6,73.6,14,165,Adequate,Low,Low,Low,Deficient,2.97,0.16,0.96
116_3_IR_15-30,0.15,2.99,0.04,0.05,3.88,0.64,13.27,24.73,62.01,17.53,2736,26.6,73.6,14,165,Marginal,Low,Low,Low,Deficient,2.97,0.16,0.96
116_1_PC_0-15,0.16,63.93,0.08,0.13,4.36,0.77,15.82,28.94,55.24,15.96,2736,26.6,73.6,14,165,Adequate,Excessive,Low,Low,Deficient,2.5,0.14,0.55
116_1_PC_15-30,0.14,0.6,0.07,0.07,4.1,0.42,13.27,24.73,62.01,11.38,2736,26.6,73.6,14,165,Marginal,Low,Low,Low,Deficient,2.5,0.14,0.55
116_2_PC_0-15,0.18,3.4,0.04,0.03,3.8,0.95,15.82,28.94,55.24,13.85,2736,26.6,73.6,14,165,Adequate,Low,Low,Low,Deficient,2.24,0.13,0.77
116_2_PC_15-30,0.16,1.2,0.04,0.08,4.56,0.72,13.27,24.73,62.01,12.74,2736,26.6,73.6,14,165,Adequate,Low,Low,Low,Deficient,2.24,0.13,0.77
116_3_PC_0-15,0.17,6.59,1.08,0.16,4.72,0.77,15.82,28.94,55.24,16.2,2736,26.6,73.6,14,165,Adequate,Low,Excessive,Low,Deficient,2.97,0.16,0.96
116_3_PC_15-30,0.15,2.79,0.03,0.07,3.52,0.7,13.27,24.73,62.01,13.86,2736,26.6,73.6,14,165,Marginal,Low,Low,Low,Deficient,2.97,0.16,0.96
117_1_IR_0-15,0.18,5.0,0.04,0.06,4.5,0.91,16.99,34.87,48.14,13.64,2084,26.9,80.5,19,137,Adequate,Low,Low,Low,Deficient,2.62,0.15,1.09
117_1_IR_15-30,0.14,3.2,0.01,0.06,4.6,0.58,10.77,26.21,63.01,11.85,2084,26.9,80.5,19,137,Marginal,Low,Low,Low,Deficient,2.62,0.15,1.09
117_2_IR_0-15,0.22,4.1,0.09,0.08,4.6,1.37,16.99,34.87,48.14,15.91,2084,26.9,80.5,19,137,Adequate,Low,Low,Low,Deficient,2.43,0.18,0.94
117_2_IR_15-30,0.16,1.39,0.02,0.06,4.72,0.86,10.77,26.21,63.01,11.33,2084,26.9,80.5,19,137,Adequate,Low,Low,Low,Deficient,2.43,0.18,0.94
117_3_IR_0-15,0.19,1.2,0.06,0.05,4.64,1.1,16.99,34.87,48.14,13.81,2084,26.9,80.5,19,137,Adequate,Low,Low,Low,Deficient,2.42,0.18,0.74
117_3_IR_15-30,0.14,0.4,0.01,0.04,4.66,0.56,10.77,26.21,63.01,11.0,2084,26.9,80.5,19,137,Marginal,Low,Low,Low,Deficient,2.42,0.18,0.74
117_1_PC_0-15,0.16,27.31,0.04,0.08,4.38,0.81,16.99,34.87,48.14,15.63,2084,26.9,80.5,19,137,Adequate,Adequate,Low,Low,Deficient,2.62,0.15,1.09
117_1_PC_15-30,0.14,2.99,0.02,0.05,3.8,0.59,10.77,26.21,63.01,11.83,2084,26.9,80.5,19,137,Marginal,Low,Low,Low,Deficient,2.62,0.15,1.09
117_2_PC_0-15,0.22,8.39,0.07,0.06,4.26,1.4,16.99,34.87,48.14,16.49,2084,26.9,80.5,19,137,Adequate,Low,Low,Low,Deficient,2.43,0.18,0.94
117_2_PC_15-30,0.14,5.78,0.02,0.05,4.12,0.68,10.77,26.21,63.01,9.55,2084,26.9,80.5,19,137,Marginal,Low,Low,Low,Deficient,2.43,0.18,0.94
117_3_PC_0-15,0.16,14.4,0.03,0.07,4.72,0.96,16.99,34.87,48.14,13.4,2084,26.9,80.5,19,137,Adequate,Low,Low,Low,Deficient,2.42,0.18,0.74
117_3_PC_15-30,0.15,0.8,0.01,0.05,4.06,0.84,10.77,26.21,63.01,13.39,2084,26.9,80.5,19,137,Marginal,Low,Low,Low,Deficient,2.42,0.18,0.74
125_1_IR_0-15,0.17,28.38,0.02,0.06,4.28,1.17,5.13,26.57,68.3,8.07,2343,26.9,82.2,9,176,Adequate,Adequate,Low,Low,Deficient,2.26,0.17,1.3
125_1_IR_15-30,0.1,33.65,0.02,0.08,5.09,0.61,3.22,18.32,78.46,11.49,2343,26.9,82.2,9,176,Low,Adequate,Low,Low,Deficient,2.26,0.17,1.3
125_2_IR_0-15,0.21,1.6,0.01,0.05,4.2,1.86,5.13,26.57,68.3,12.48,2343,26.9,82.2,9,176,Adequate,Low,Low,Low,Deficient,2.59,0.16,0.7
125_3_IR_0-15,0.2,0.4,0.03,0.11,4.46,2.2,5.13,26.57,68.3,12.46,2343,26.9,82.2,9,176,Adequate,Low,Low,Low,Deficient,2.37,0.17,1.24
125_1_PC_0-15,0.26,15.53,0.07,0.07,3.95,2.29,5.13,26.57,68.3,7.91,2343,26.9,82.2,9,176,Adequate,Marginal,Low,Low,Deficient,2.26,0.17,1.3
125_1_PC_15-30,0.21,1.4,0.05,0.07,3.66,2.61,3.22,18.32,78.46,8.87,2343,26.9,82.2,9,176,Adequate,Low,Low,Low,Deficient,2.26,0.17,1.3
125_2_PC_0-15,0.37,2.38,0.04,0.1,3.62,5.12,5.13,26.57,68.3,8.69,2343,26.9,82.2,9,176,Adequate,Low,Low,Low,Deficient,2.59,0.16,0.7
125_2_PC_15-30,0.19,0.39,0.07,0.07,4.18,2.54,3.22,18.32,78.46,10.56,2343,26.9,82.2,9,176,Adequate,Low,Low,Low,Deficient,2.59,0.16,0.7
125_3_PC_0-15,0.24,4.55,2.98,1.47,4.16,2.04,5.13,26.57,68.3,13.09,2343,26.9,82.2,9,176,Adequate,Low,Excessive,Excessive,Deficient,2.37,0.17,1.24
125_3_PC_15-30,0.16,0.6,0.09,0.13,3.5,1.37,3.22,18.32,78.46,10.46,2343,26.9,82.2,9,176,Adequate,Low,Low,Low,Deficient,2.37,0.17,1.24
135_1_IR_0-15,0.29,4.2,0.05,0.03,4.24,4.15,2.04,17.26,80.69,7.34,2022,26.9,77.3,11,143,Adequate,Low,Low,Low,Deficient,2.35,0.14,0.99
135_1_IR_15-30,0.14,3.09,0.04,0.06,4.48,2.03,0.95,11.45,87.6,6.05,2022,26.9,77.3,11,143,Marginal,Low,Low,Low,Deficient,2.35,0.14,0.99
135_2_IR_0-15,0.32,2.4,0.04,0.14,4.7,3.49,2.04,17.26,80.69,8.62,2022,26.9,77.3,11,143,Adequate,Low,Low,Low,Deficient,2.45,0.16,1.26
135_2_IR_15-30,0.22,0.8,0.02,0.07,4.84,2.83,0.95,11.45,87.6,5.0,2022,26.9,77.3,11,143,Adequate,Low,Low,Low,Deficient,2.45,0.16,1.26
135_3_IR_0-15,0.29,1.8,0.02,0.06,4.5,3.62,2.04,17.26,80.69,8.4,2022,26.9,77.3,11,143,Adequate,Low,Low,Low,Deficient,2.33,0.15,0.98
135_3_IR_15-30,0.23,1.0,0.02,0.05,4.2,3.84,0.95,11.45,87.6,5.0,2022,26.9,77.3,11,143,Adequate,Low,Low,Low,Deficient,2.33,0.15,0.98
135_1_PC_0-15,1.12,28.39,0.44,0.14,3.24,24.85,2.04,17.26,80.69,8.57,2022,26.9,77.3,11,143,Adequate,Adequate,Adequate,Low,Fertile,2.35,0.14,0.99
135_1_PC_15-30,0.38,11.57,0.12,0.08,3.35,12.88,0.95,11.45,87.6,6.46,2022,26.9,77.3,11,143,Adequate,Low,Low,Low,Deficient,2.35,0.14,0.99
135_2_PC_0-15,0.2,8.38,0.1,0.07,5.08,1.98,2.04,17.26,80.69,6.55,2022,26.9,77.3,11,143,Adequate,Low,Low,Low,Deficient,2.45,0.16,1.26
135_2_PC_15-30,0.26,1.8,0.65,0.07,4.63,3.04,0.95,11.45,87.6,5.01,2022,26.9,77.3,11,143,Adequate,Low,Adequate,Low,Deficient,2.45,0.16,1.26
135_3_PC_0-15,0.26,10.8,0.11,0.08,4.81,3.02,2.04,17.26,80.69,6.61,2022,26.9,77.3,11,143,Adequate,Low,Low,Low,Deficient,2.33,0.15,0.98
135_3_PC_15-30,0.2,2.2,0.17,0.06,4.87,2.79,0.95,11.45,87.6,7.89,2022,26.9,77.3,11,143,Adequate,Low,Marginal,Low,Deficient,2.33,0.15,0.98
136_1_IR_0-15,0.19,1.4,0.02,0.07,4.92,1.76,3.7,21.56,74.74,11.1,2364,28.4,74.0,9,140,Adequate,Low,Low,Low,Deficient,2.42,0.15,1.12
136_2_IR_0-15,0.22,1.0,0.04,0.11,4.14,2.35,3.7,21.56,74.74,10.06,2364,28.4,74.0,9,140,Adequate,Low,Low,Low,Deficient,2.36,0.14,0.96
136_2_IR_15-30,0.16,1.0,0.01,0.08,4.44,1.46,1.68,13.23,85.09,10.73,2364,28.4,74.0,9,140,Adequate,Low,Low,Low,Deficient,2.36,0.14,0.96
136_3_IR_0-15,0.2,3.59,0.03,0.09,3.8,1.93,3.7,21.56,74.74,14.09,2364,28.4,74.0,9,140,Adequate,Low,Low,Low,Deficient,2.5,0.16,1.23
136_3_IR_15-30,0.16,1.79,0.01,0.05,3.88,2.16,1.68,13.23,85.09,7.35,2364,28.4,74.0,9,140,Adequate,Low,Low,Low,Deficient,2.5,0.16,1.23
136_1_PC_0-15,0.2,1.6,0.04,0.1,4.02,2.29,3.7,21.56,74.74,8.6,2364,28.4,74.0,9,140,Adequate,Low,Low,Low,Deficient,2.42,0.15,1.12
136_1_PC_15-30,0.14,0.2,0.04,0.07,4.66,1.26,1.68,13.23,85.09,5.12,2364,28.4,74.0,9,140,Marginal,Low,Low,Low,Deficient,2.42,0.15,1.12
136_2_PC_0-15,0.3,9.79,0.06,0.23,4.76,2.85,3.7,21.56,74.74,11.39,2364,28.4,74.0,9,140,Adequate,Low,Low,Marginal,Deficient,2.36,0.14,0.96
136_2_PC_15-30,0.18,0.2,0.05,0.08,4.64,1.78,1.68,13.23,85.09,10.6,2364,28.4,74.0,9,140,Adequate,Low,Low,Low,Deficient,2.36,0.14,0.96
136_3_PC_0-15,0.2,6.6,0.03,0.08,4.2,2.07,3.7,21.56,74.74,7.28,2364,28.4,74.0,9,140,Adequate,Low,Low,Low,Deficient,2.5,0.16,1.23
136_3_PC_15-30,0.16,1.4,0.06,0.07,3.75,2.02,1.68,13.23,85.09,9.24,2364,28.4,74.0,9,140,Adequate,Low,Low,Low,Deficient,2.5,0.16,1.23
172_1_IR_0-15,0.14,8.59,0.04,0.35,6.32,0.67,12.28,31.34,56.38,15.85,2411,27.8,70.9,9,146,Marginal,Low,Low,Adequate,Deficient,2.89,0.21,1.02
172_1_IR_15-30,0.14,1.6,0.08,0.44,6.26,0.59,11.17,28.2,60.63,13.32,2411,27.8,70.9,9,146,Marginal,Low,Low,Adequate,Deficient,2.89,0.21,1.02
172_2_IR_0-15,0.16,6.98,0.06,0.12,5.04,0.8,12.28,31.34,56.38,15.11,2411,27.8,70.9,9,146,Adequate,Low,Low,Low,Deficient,2.75,0.2,1.07
172_2_IR_15-30,0.15,1.0,0.05,0.08,4.64,0.59,11.17,28.2,60.63,13.21,2411,27.8,70.9,9,146,Marginal,Low,Low,Low,Deficient,2.75,0.2,1.07
172_3_IR_0-15,0.16,7.19,0.04,0.05,4.56,0.87,12.28,31.34,56.38,10.98,2411,27.8,70.9,9,146,Adequate,Low,Low,Low,Deficient,2.86,0.19,1.1
172_3_IR_15-30,0.17,1.59,0.03,0.05,4.44,0.67,11.17,28.2,60.63,14.96,2411,27.8,70.9,9,146,Adequate,Low,Low,Low,Deficient,2.86,0.19,1.1
172_1_PC_0-15,0.14,16.0,0.05,0.11,4.16,0.6,12.28,31.34,56.38,16.07,2411,27.8,70.9,9,146,Marginal,Marginal,Low,Low,Deficient,2.89,0.21,1.02
172_1_PC_15-30,0.14,1.0,0.03,0.05,3.94,0.42,11.17,28.2,60.63,14.33,2411,27.8,70.9,9,146,Marginal,Low,Low,Low,Deficient,2.89,0.21,1.02
172_2_PC_0-15,0.18,33.08,0.05,0.06,4.19,1.07,12.28,31.34,56.38,11.51,2411,27.8,70.9,9,146,Adequate,Adequate,Low,Low,Deficient,2.75,0.2,1.07
172_2_PC_15-30,0.14,1.0,0.04,0.04,3.67,0.67,11.17,28.2,60.63,11.36,2411,27.8,70.9,9,146,Marginal,Low,Low,Low,Deficient,2.75,0.2,1.07
172_3_PC_0-15,0.18,19.77,0.06,0.08,4.32,0.84,12.28,31.34,56.38,11.16,2411,27.8,70.9,9,146,Adequate,Marginal,Low,Low,Deficient,2.86,0.19,1.1
172_3_PC_15-30,0.14,1.0,0.04,0.05,4.16,0.49,11.17,28.2,60.63,14.4,2411,27.8,70.9,9,146,Marginal,Low,Low,Low,Deficient,2.86,0.19,1.1
214_1_IR_0-15,0.14,3.0,0.02,0.07,4.81,0.82,9.9,31.77,58.33,14.96,2491,26.5,71.3,16,199,Marginal,Low,Low,Low,Deficient,2.87,0.18,1.03
214_1_IR_15-30,0.14,2.99,0.01,0.05,5.23,0.63,6.95,22.1,70.95,11.8,2491,26.5,71.3,16,199,Marginal,Low,Low,Low,Deficient,2.87,0.18,1.03
214_2_IR_0-15,0.5,6.57,0.12,0.12,4.47,4.11,9.9,31.77,58.33,14.31,2491,26.5,71.3,16,199,Adequate,Low,Low,Low,Deficient,2.87,0.2,1.12
214_2_IR_15-30,0.24,3.79,0.05,0.18,4.62,1.9,6.95,22.1,70.95,9.22,2491,26.5,71.3,16,199,Adequate,Low,Low,Low,Deficient,2.87,0.2,1.12
214_3_IR_0-15,0.18,4.0,0.02,0.06,4.86,1.41,9.9,31.77,58.33,12.72,2491,26.5,71.3,16,199,Adequate,Low,Low,Low,Deficient,3.02,0.17,1.24
214_3_IR_15-30,0.14,2.4,0.01,0.05,4.9,0.79,6.95,22.1,70.95,8.21,2491,26.5,71.3,16,199,Marginal,Low,Low,Low,Deficient,3.02,0.17,1.24
214_1_PC_0-15,0.16,2.7,0.03,0.08,4.93,0.81,9.9,31.77,58.33,10.88,2491,26.5,71.3,16,199,Adequate,Low,Low,Low,Deficient,2.87,0.18,1.03
214_1_PC_15-30,0.12,2.0,0.04,0.06,5.02,0.5,6.95,22.1,70.95,12.71,2491,26.5,71.3,16,199,Marginal,Low,Low,Low,Deficient,2.87,0.18,1.03
214_2_PC_0-15,0.24,4.79,0.06,0.07,5.96,1.63,9.9,31.77,58.33,11.95,2491,26.5,71.3,16,199,Adequate,Low,Low,Low,Deficient,2.87,0.2,1.12
214_2_PC_15-30,0.12,3.0,0.03,0.06,5.16,0.88,6.95,22.1,70.95,13.37,2491,26.5,71.3,16,199,Marginal,Low,Low,Low,Deficient,2.87,0.2,1.12
214_3_PC_0-15,0.28,5.79,0.04,0.06,4.64,2.13,9.9,31.77,58.33,13.5,2491,26.5,71.3,16,199,Adequate,Low,Low,Low,Deficient,3.02,0.17,1.24
214_3_PC_15-30,0.15,2.49,0.02,0.06,4.62,0.9,6.95,22.1,70.95,16.42,2491,26.5,71.3,16,199,Marginal,Low,Low,Low,Deficient,3.02,0.17,1.24
248_1_IR_0-15,0.27,2.4,0.06,0.11,4.14,1.72,19.51,42.38,38.11,18.55,2944,28.9,86.2,13,166,Adequate,Low,Low,Low,Deficient,2.69,0.17,0.94
248_1_IR_15-30,0.16,2.19,0.05,0.05,3.75,0.76,15.62,31.42,52.96,13.61,2944,28.9,86.2,13,166,Adequate,Low,Low,Low,Deficient,2.69,0.17,0.94
248_2_IR_0-15,0.21,4.99,0.07,0.07,3.98,1.24,19.51,42.38,38.11,18.3,2944,28.9,86.2,13,166,Adequate,Low,Low,Low,Deficient,2.58,0.18,0.99
248_2_IR_15-30,0.18,2.2,0.07,0.06,3.86,0.8,15.62,31.42,52.96,14.49,2944,28.9,86.2,13,166,Adequate,Low,Low,Low,Deficient,2.58,0.18,0.99
248_3_IR_0-15,0.25,5.0,0.07,0.08,3.86,1.82,19.51,42.38,38.11,20.32,2944,28.9,86.2,13,166,Adequate,Low,Low,Low,Deficient,2.5,0.16,0.62
248_3_IR_15-30,0.16,2.19,0.06,0.06,3.79,0.78,15.62,31.42,52.96,16.5,2944,28.9,86.2,13,166,Adequate,Low,Low,Low,Deficient,2.5,0.16,0.62
248_1_PC_0-15,0.35,19.0,0.11,0.5,4.08,2.65,19.51,42.38,38.11,18.09,2944,28.9,86.2,13,166,Adequate,Marginal,Low,Adequate,Deficient,2.69,0.17,0.94
248_1_PC_15-30,0.2,22.19,0.07,0.13,3.96,1.08,15.62,31.42,52.96,16.17,2944,28.9,86.2,13,166,Adequate,Marginal,Low,Low,Deficient,2.69,0.17,0.94
248_2_PC_0-15,0.2,20.38,0.06,0.07,3.66,1.18,19.51,42.38,38.11,19.85,2944,28.9,86.2,13,166,Adequate,Marginal,Low,Low,Deficient,2.58,0.18,0.99
248_2_PC_15-30,0.16,3.59,0.05,0.05,3.47,0.75,15.62,31.42,52.96,15.52,2944,28.9,86.2,13,166,Adequate,Low,Low,Low,Deficient,2.58,0.18,0.99
248_3_PC_0-15,0.2,23.55,0.08,0.06,3.46,1.17,19.51,42.38,38.11,19.92,2944,28.9,86.2,13,166,Adequate,Marginal,Low,Low,Deficient,2.5,0.16,0.62
248_3_PC_15-30,0.16,2.0,0.05,0.05,3.36,0.76,15.62,31.42,52.96,18.51,2944,28.9,86.2,13,166,Adequate,Low,Low,Low,Deficient,2.5,0.16,0.62
267_1_IR_0-15,0.14,1.2,0.0,0.05,5.2,0.98,6.29,26.89,66.82,9.27,2224,26.3,83.7,12,137,Marginal,Low,Low,Low,Deficient,2.47,0.16,0.91
267_1_IR_15-30,0.12,1.0,0.01,0.04,5.12,0.8,4.12,19.78,76.1,7.02,2224,26.3,83.7,12,137,Marginal,Low,Low,Low,Deficient,2.47,0.16,0.91
267_2_IR_0-15,0.16,1.6,0.02,0.07,4.72,0.99,6.29,26.89,66.82,8.93,2224,26.3,83.7,12,137,Adequate,Low,Low,Low,Deficient,2.37,0.15,0.89
267_2_IR_15-30,0.12,1.0,0.0,0.05,4.98,0.53,4.12,19.78,76.1,10.29,2224,26.3,83.7,12,137,Marginal,Low,Low,Low,Deficient,2.37,0.15,0.89
267_3_IR_0-15,0.14,1.2,0.02,0.06,4.83,0.92,6.29,26.89,66.82,10.14,2224,26.3,83.7,12,137,Marginal,Low,Low,Low,Deficient,2.62,0.17,1.06
267_3_IR_15-30,0.12,2.0,0.01,0.05,5.0,0.66,4.12,19.78,76.1,10.13,2224,26.3,83.7,12,137,Marginal,Low,Low,Low,Deficient,2.62,0.17,1.06
267_1_PC_0-15,0.19,11.39,0.03,0.12,5.18,1.13,6.29,26.89,66.82,13.48,2224,26.3,83.7,12,137,Adequate,Low,Low,Low,Deficient,2.47,0.16,0.91
267_1_PC_15-30,0.15,1.4,0.01,0.05,4.6,0.88,4.12,19.78,76.1,9.33,2224,26.3,83.7,12,137,Marginal,Low,Low,Low,Deficient,2.47,0.16,0.91
267_2_PC_0-15,0.13,1.4,0.03,0.07,4.97,0.7,6.29,26.89,66.82,8.34,2224,26.3,83.7,12,137,Marginal,Low,Low,Low,Deficient,2.37,0.15,0.89
267_2_PC_15-30,0.09,0.8,0.04,0.05,5.02,0.32,4.12,19.78,76.1,10.98,2224,26.3,83.7,12,137,Low,Low,Low,Low,Deficient,2.37,0.15,0.89
267_3_PC_0-15,0.12,7.19,0.01,0.13,5.7,0.73,6.29,26.89,66.82,10.06,2224,26.3,83.7,12,137,Marginal,Low,Low,Low,Deficient,2.62,0.17,1.06
267_3_PC_15-30,0.12,1.0,0.03,0.05,4.46,0.53,4.12,19.78,76.1,10.61,2224,26.3,83.7,12,137,Marginal,Low,Low,Low,Deficient,2.62,0.17,1.06
273_1_IR_0-15,0.26,103.38,0.07,0.12,4.54,1.82,9.64,32.13,58.23,14.08,2350,26.4,79.9,10,137,Adequate,Excessive,Low,Low,Deficient,2.21,0.17,0.98
273_1_IR_15-30,0.21,14.36,0.04,0.05,4.38,1.25,9.7,27.72,62.58,10.06,2350,26.4,79.9,10,137,Adequate,Low,Low,Low,Deficient,2.21,0.17,0.98
273_2_IR_0-15,0.24,84.07,0.06,0.07,4.5,1.88,9.64,32.13,58.23,14.71,2350,26.4,79.9,10,137,Adequate,Excessive,Low,Low,Deficient,2.15,0.17,0.83
273_2_IR_15-30,0.26,42.98,0.06,0.06,4.44,2.09,9.7,27.72,62.58,13.79,2350,26.4,79.9,10,137,Adequate,Adequate,Low,Low,Deficient,2.15,0.17,0.83
273_3_IR_0-15,0.19,89.85,0.03,0.06,4.56,1.31,9.64,32.13,58.23,10.74,2350,26.4,79.9,10,137,Adequate,Excessive,Low,Low,Deficient,2.11,0.15,0.68
273_3_IR_15-30,0.16,75.04,0.03,0.07,5.09,0.92,9.7,27.72,62.58,12.58,2350,26.4,79.9,10,137,Adequate,Excessive,Low,Low,Deficient,2.11,0.15,0.68
273_1_PC_0-15,0.28,200.49,0.11,0.14,4.24,2.07,9.64,32.13,58.23,12.46,2350,26.4,79.9,10,137,Adequate,Excessive,Low,Low,Deficient,2.21,0.17,0.98
273_1_PC_15-30,0.17,21.18,0.09,0.06,3.76,1.18,9.7,27.72,62.58,12.02,2350,26.4,79.9,10,137,Adequate,Marginal,Low,Low,Deficient,2.21,0.17,0.98
273_2_PC_0-15,0.26,84.66,0.04,0.06,3.87,2.4,9.64,32.13,58.23,13.69,2350,26.4,79.9,10,137,Adequate,Excessive,Low,Low,Deficient,2.15,0.17,0.83
273_2_PC_15-30,0.3,20.99,0.03,0.05,3.68,3.39,9.7,27.72,62.58,14.85,2350,26.4,79.9,10,137,Adequate,Marginal,Low,Low,Deficient,2.15,0.17,0.83
273_3_PC_0-15,0.26,160.51,0.11,0.08,3.8,2.07,9.64,32.13,58.23,11.96,2350,26.4,79.9,10,137,Adequate,Excessive,Low,Low,Deficient,2.11,0.15,0.68
273_3_PC_15-30,0.24,91.6,0.1,0.05,3.54,2.07,9.7,27.72,62.58,14.64,2350,26.4,79.9,10,137,Adequate,Excessive,Low,Low,Deficient,2.11,0.15,0.68
274_1_IR_0-15,0.12,70.79,0.04,0.07,5.22,0.54,4.27,19.05,76.67,9.88,1809,28.7,75.2,10,137,Marginal,Excessive,Low,Low,Deficient,2.18,0.14,0.76
274_1_IR_15-30,0.11,42.35,0.03,0.05,4.96,0.62,4.38,19.82,75.8,8.43,1809,28.7,75.2,10,137,Low,Adequate,Low,Low,Deficient,2.18,0.14,0.76
274_2_IR_0-15,0.17,80.85,0.03,0.06,4.92,1.28,4.27,19.05,76.67,8.26,1809,28.7,75.2,10,137,Adequate,Excessive,Low,Low,Deficient,2.25,0.15,0.76
274_2_IR_15-30,0.14,53.78,0.02,0.05,5.12,1.01,4.38,19.82,75.8,5.66,1809,28.7,75.2,10,137,Marginal,Adequate,Low,Low,Deficient,2.25,0.15,0.76
274_3_IR_0-15,0.17,60.75,0.03,0.06,4.85,1.34,4.27,19.05,76.67,5.0,1809,28.7,75.2,10,137,Adequate,Excessive,Low,Low,Deficient,2.41,0.16,0.83
274_3_IR_15-30,0.14,13.98,0.03,0.05,4.95,1.38,4.38,19.82,75.8,8.29,1809,28.7,75.2,10,137,Marginal,Low,Low,Low,Deficient,2.41,0.16,0.83
274_1_PC_0-15,0.14,124.88,0.14,0.34,4.52,0.47,4.27,19.05,76.67,6.2,1809,28.7,75.2,10,137,Marginal,Excessive,Low,Adequate,Deficient,2.18,0.14,0.76
274_1_PC_15-30,0.17,52.61,0.09,0.07,4.84,0.74,4.38,19.82,75.8,7.88,1809,28.7,75.2,10,137,Adequate,Adequate,Low,Low,Deficient,2.18,0.14,0.76
274_2_PC_0-15,0.11,65.88,0.02,0.05,4.54,0.73,4.27,19.05,76.67,6.84,1809,28.7,75.2,10,137,Low,Excessive,Low,Low,Deficient,2.25,0.15,0.76
274_2_PC_15-30,0.15,30.26,0.01,0.05,4.34,1.13,4.38,19.82,75.8,5.0,1809,28.7,75.2,10,137,Marginal,Adequate,Low,Low,Deficient,2.25,0.15,0.76
274_3_PC_0-15,0.18,102.41,0.08,0.28,3.45,1.57,4.27,19.05,76.67,8.62,1809,28.7,75.2,10,137,Adequate,Excessive,Low,Marginal,Deficient,2.41,0.16,0.83
274_3_PC_15-30,0.18,57.2,0.04,0.05,3.4,1.29,4.38,19.82,75.8,7.13,1809,28.7,75.2,10,137,Adequate,Adequate,Low,Low,Deficient,2.41,0.16,0.83
416_1_IR_0-15,1.65,12.58,0.15,0.15,3.9,27.38,5.59,43.04,51.37,10.56,2542,26.9,80.4,7,92,Adequate,Low,Marginal,Low,Deficient,2.85,0.18,0.76
416_1_IR_15-30,1.07,9.38,0.05,0.12,3.9,27.37,3.91,31.75,64.35,7.77,2542,26.9,80.4,7,92,Adequate,Low,Low,Low,Deficient,2.85,0.18,0.76
416_2_IR_0-15,1.28,15.75,0.09,0.13,4.06,25.13,5.59,43.04,51.37,9.73,2542,26.9,80.4,7,92,Adequate,Marginal,Low,Low,Deficient,2.7,0.16,0.97
416_2_IR_15-30,1.16,13.36,0.04,0.12,4.12,32.76,3.91,31.75,64.35,12.68,2542,26.9,80.4,7,92,Adequate,Low,Low,Low,Deficient,2.7,0.16,0.97
416_3_IR_0-15,1.62,12.19,0.14,0.16,4.14,27.29,5.59,43.04,51.37,10.66,2542,26.9,80.4,7,92,Adequate,Low,Low,Low,Deficient,3.09,0.18,0.79
416_3_IR_15-30,1.34,8.78,0.07,0.15,4.08,30.17,3.91,31.75,64.35,10.66,2542,26.9,80.4,7,92,Adequate,Low,Low,Low,Deficient,3.09,0.18,0.79
416_1_PC_0-15,1.3,14.56,0.09,0.12,4.17,25.59,5.59,43.04,51.37,7.86,2542,26.9,80.4,7,92,Adequate,Low,Low,Low,Deficient,2.85,0.18,0.76
416_1_PC_15-30,1.1,14.33,0.06,0.12,3.88,32.28,3.91,31.75,64.35,14.34,2542,26.9,80.4,7,92,Adequate,Low,Low,Low,Deficient,2.85,0.18,0.76
416_2_PC_0-15,1.55,27.0,0.16,0.15,4.07,26.76,5.59,43.04,51.37,14.09,2542,26.9,80.4,7,92,Adequate,Adequate,Marginal,Low,Marginal,2.7,0.16,0.97
416_2_PC_15-30,1.04,11.76,0.06,0.14,4.02,28.05,3.91,31.75,64.35,12.29,2542,26.9,80.4,7,92,Adequate,Low,Low,Low,Deficient,2.7,0.16,0.97
416_3_PC_15-30,1.42,15.37,0.17,0.2,4.05,28.3,3.91,31.75,64.35,11.22,2542,26.9,80.4,7,92,Adequate,Marginal,Marginal,Marginal,Marginal,3.09,0.18,0.79
422_1_IR_0-15,0.74,6.6,0.05,0.07,4.06,11.03,,,,50.0,2438,26.6,89.4,9,153,Adequate,Low,Low,Low,Deficient,2.56,0.16,0.74
422_1_IR_15-30,0.16,8.58,0.02,0.05,4.1,1.76,,,,50.0,2438,26.6,89.4,9,153,Adequate,Low,Low,Low,Deficient,2.56,0.16,0.74
422_2_IR_0-15,0.86,10.37,0.01,0.13,3.96,11.44,,,,50.0,2438,26.6,89.4,9,153,Adequate,Low,Low,Low,Deficient,2.99,0.19,0.63
422_2_IR_15-30,0.75,9.56,0.05,0.08,3.98,16.83,,,,50.0,2438,26.6,89.4,9,153,Adequate,Low,Low,Low,Deficient,2.99,0.19,0.63
422_3_IR_0-15,1.64,15.6,0.04,0.11,3.75,23.61,,,,50.0,2438,26.6,89.4,9,153,Adequate,Marginal,Low,Low,Deficient,2.48,0.42,0.71
422_3_IR_15-30,1.11,11.4,0.1,0.11,4.06,30.59,,,,50.0,2438,26.6,89.4,9,153,Adequate,Low,Low,Low,Deficient,2.48,0.42,0.71
422_1_PC_0-15,0.76,9.79,0.07,0.07,4.02,10.43,,,,50.0,2438,26.6,89.4,9,153,Adequate,Low,Low,Low,Deficient,2.56,0.16,0.74
422_1_PC_15-30,0.55,4.0,0.04,0.06,3.94,10.74,,,,50.0,2438,26.6,89.4,9,153,Adequate,Low,Low,Low,Deficient,2.56,0.16,0.74
422_2_PC_0-15,0.5,14.58,0.05,0.07,3.98,7.09,,,,50.0,2438,26.6,89.4,9,153,Adequate,Low,Low,Low,Deficient,2.99,0.19,0.63
422_2_PC_15-30,0.16,7.2,0.02,0.05,4.18,1.73,,,,50.0,2438,26.6,89.4,9,153,Adequate,Low,Low,Low,Deficient,2.99,0.19,0.63
422_3_PC_0-15,1.56,12.15,0.11,0.14,3.84,19.28,,,,50.0,2438,26.6,89.4,9,153,Adequate,Low,Low,Low,Deficient,2.48,0.42,0.71
1648_1_IR_0-15,0.81,13.96,0.05,0.07,4.66,12.97,10.47,51.05,38.48,9.92,2663,28.8,87.9,10,147,Adequate,Low,Low,Low,Deficient,2.31,0.15,1.03
1648_1_IR_15-30,0.6,4.2,0.03,0.06,4.71,11.72,8.02,43.46,48.53,13.81,2663,28.8,87.9,10,147,Adequate,Low,Low,Low,Deficient,2.31,0.15,1.03
1648_2_IR_0-15,0.16,21.99,0.06,0.12,5.1,1.89,10.47,51.05,38.48,15.68,2663,28.8,87.9,10,147,Adequate,Marginal,Low,Low,Deficient,2.41,0.15,1.29
1648_2_IR_15-30,0.76,13.2,0.17,0.18,4.98,11.32,8.02,43.46,48.53,12.67,2663,28.8,87.9,10,147,Adequate,Low,Marginal,Low,Deficient,2.41,0.15,1.29
1648_3_IR_0-15,0.6,9.2,0.07,0.07,4.82,8.28,10.47,51.05,38.48,16.45,2663,28.8,87.9,10,147,Adequate,Low,Low,Low,Deficient,2.58,0.17,0.78
1648_3_IR_15-30,0.59,7.57,0.03,0.06,4.76,8.45,8.02,43.46,48.53,9.26,2663,28.8,87.9,10,147,Adequate,Low,Low,Low,Deficient,2.58,0.17,0.78
1648_1_PC_0-15,0.8,13.98,0.11,0.11,4.68,11.76,10.47,51.05,38.48,16.83,2663,28.8,87.9,10,147,Adequate,Low,Low,Low,Deficient,2.31,0.15,1.03
1648_1_PC_15-30,0.63,2.39,0.05,0.06,4.6,14.83,8.02,43.46,48.53,10.46,2663,28.8,87.9,10,147,Adequate,Low,Low,Low,Deficient,2.31,0.15,1.03
1648_2_PC_0-15,0.73,17.79,0.07,0.12,4.74,10.8,10.47,51.05,38.48,10.58,2663,28.8,87.9,10,147,Adequate,Marginal,Low,Low,Deficient,2.41,0.15,1.29
1648_2_PC_15-30,0.66,7.98,0.06,0.11,4.62,12.13,8.02,43.46,48.53,11.44,2663,28.8,87.9,10,147,Adequate,Low,Low,Low,Deficient,2.41,0.15,1.29
1648_3_PC_0-15,0.68,18.97,0.12,0.16,4.9,9.1,10.47,51.05,38.48,16.89,2663,28.8,87.9,10,147,Adequate,Marginal,Low,Low,Deficient,2.58,0.17,0.78
1648_3_PC_15-30,0.57,7.98,0.05,0.12,4.72,9.21,8.02,43.46,48.53,11.88,2663,28.8,87.9,10,147,Adequate,Low,Low,Low,Deficient,2.58,0.17,0.78
2070_1_IR_0-15,0.18,63.73,0.06,0.08,4.8,0.87,11.63,31.94,56.44,11.4,2482,28.8,71.8,8,155,Adequate,Excessive,Low,Low,Deficient,2.59,0.16,1.02
2070_1_IR_15-30,0.14,1.4,0.05,0.06,4.74,0.59,12.08,31.79,56.13,10.91,2482,28.8,71.8,8,155,Marginal,Low,Low,Low,Deficient,2.59,0.16,1.02
2070_2_IR_0-15,0.16,59.92,0.03,0.06,4.52,0.81,11.63,31.94,56.44,13.06,2482,28.8,71.8,8,155,Adequate,Adequate,Low,Low,Deficient,2.51,0.17,0.82
2070_2_IR_15-30,0.14,4.8,0.03,0.07,4.53,0.42,12.08,31.79,56.13,9.51,2482,28.8,71.8,8,155,Marginal,Low,Low,Low,Deficient,2.51,0.17,0.82
2070_3_IR_0-15,0.15,20.57,0.03,0.07,3.7,0.73,11.63,31.94,56.44,10.67,2482,28.8,71.8,8,155,Marginal,Marginal,Low,Low,Deficient,2.55,0.18,0.99
2070_3_IR_15-30,0.15,3.19,0.03,0.08,4.56,0.57,12.08,31.79,56.13,16.58,2482,28.8,71.8,8,155,Marginal,Low,Low,Low,Deficient,2.55,0.18,0.99
2070_1_PC_0-15,0.18,70.89,0.07,0.06,4.29,0.85,11.63,31.94,56.44,15.92,2482,28.8,71.8,8,155,Adequate,Excessive,Low,Low,Deficient,2.59,0.16,1.02
2070_1_PC_15-30,0.18,11.16,0.09,0.07,4.35,0.92,12.08,31.79,56.13,13.24,2482,28.8,71.8,8,155,Adequate,Low,Low,Low,Deficient,2.59,0.16,1.02
2070_2_PC_0-15,0.16,27.93,0.05,0.05,3.7,0.71,11.63,31.94,56.44,12.34,2482,28.8,71.8,8,155,Adequate,Adequate,Low,Low,Deficient,2.51,0.17,0.82
2070_2_PC_15-30,0.14,1.6,0.25,0.05,3.84,0.65,12.08,31.79,56.13,13.61,2482,28.8,71.8,8,155,Marginal,Low,Adequate,Low,Deficient,2.51,0.17,0.82
2070_3_PC_0-15,0.18,29.18,0.07,0.05,3.68,0.87,11.63,31.94,56.44,17.97,2482,28.8,71.8,8,155,Adequate,Adequate,Low,Low,Deficient,2.55,0.18,0.99
2070_3_PC_15-30,0.16,1.0,0.13,0.05,4.85,0.67,12.08,31.79,56.13,14.3,2482,28.8,71.8,8,155,Adequate,Low,Low,Low,Deficient,2.55,0.18,0.99
2155_1_IR_0-15,0.26,14.19,0.05,0.06,4.34,1.85,12.31,29.68,58.01,14.47,2100,26.1,76.5,16,160,Adequate,Low,Low,Low,Deficient,2.77,0.17,1.34
2155_1_IR_15-30,0.18,1.6,0.04,0.05,4.34,1.03,7.83,17.71,74.46,10.01,2100,26.1,76.5,16,160,Adequate,Low,Low,Low,Deficient,2.77,0.17,1.34
2155_2_IR_0-15,0.24,25.77,0.06,0.06,4.43,1.49,12.31,29.68,58.01,12.78,2100,26.1,76.5,16,160,Adequate,Adequate,Low,Low,Deficient,2.69,0.17,0.99
2155_2_IR_15-30,0.15,1.4,0.03,0.05,4.56,0.84,7.83,17.71,74.46,11.71,2100,26.1,76.5,16,160,Marginal,Low,Low,Low,Deficient,2.69,0.17,0.99
2155_3_IR_0-15,0.23,4.2,0.11,0.08,4.63,1.47,12.31,29.68,58.01,12.91,2100,26.1,76.5,16,160,Adequate,Low,Low,Low,Deficient,2.39,0.17,0.86
2155_3_IR_15-30,0.18,1.2,0.07,0.06,4.55,0.83,7.83,17.71,74.46,6.62,2100,26.1,76.5,16,160,Adequate,Low,Low,Low,Deficient,2.39,0.17,0.86
2155_1_PC_0-15,0.27,42.75,0.14,0.08,4.11,1.8,12.31,29.68,58.01,15.22,2100,26.1,76.5,16,160,Adequate,Adequate,Low,Low,Deficient,2.77,0.17,1.34
2155_1_PC_15-30,0.18,1.4,0.07,0.05,4.0,1.0,7.83,17.71,74.46,9.18,2100,26.1,76.5,16,160,Adequate,Low,Low,Low,Deficient,2.77,0.17,1.34
2155_2_PC_0-15,0.23,37.94,0.07,0.07,4.4,1.48,12.31,29.68,58.01,16.88,2100,26.1,76.5,16,160,Adequate,Adequate,Low,Low,Deficient,2.69,0.17,0.99
2155_2_PC_15-30,0.17,1.0,0.12,0.04,4.31,0.82,7.83,17.71,74.46,11.79,2100,26.1,76.5,16,160,Adequate,Low,Low,Low,Deficient,2.69,0.17,0.99
2155_3_PC_0-15,0.22,45.14,0.09,0.07,4.24,1.33,12.31,29.68,58.01,12.8,2100,26.1,76.5,16,160,Adequate,Adequate,Low,Low,Deficient,2.39,0.17,0.86
2155_3_PC_15-30,0.18,2.4,0.15,0.06,4.11,0.8,7.83,17.71,74.46,11.29,2100,26.1,76.5,16,160,Adequate,Low,Marginal,Low,Deficient,2.39,0.17,0.86
2270_1_IR_0-15,0.22,22.98,0.04,0.11,3.64,3.22,10.91,44.36,44.72,12.25,2305,26.8,86.6,7,146,Adequate,Marginal,Low,Low,Deficient,2.22,0.18,0.9
2270_1_IR_15-30,0.12,0.6,0.02,0.06,4.04,0.91,8.25,34.8,56.95,10.16,2305,26.8,86.6,7,146,Marginal,Low,Low,Low,Deficient,2.22,0.18,0.9
2270_2_IR_0-15,0.32,49.97,0.06,0.4,4.97,2.8,10.91,44.36,44.72,12.88,2305,26.8,86.6,7,146,Adequate,Adequate,Low,Adequate,Deficient,2.07,0.14,0.63
2270_2_IR_15-30,0.15,12.4,0.03,0.09,4.74,0.83,8.25,34.8,56.95,12.91,2305,26.8,86.6,7,146,Marginal,Low,Low,Low,Deficient,2.07,0.14,0.63
2270_3_IR_0-15,0.58,6.99,0.05,0.07,4.62,10.06,10.91,44.36,44.72,11.54,2305,26.8,86.6,7,146,Adequate,Low,Low,Low,Deficient,2.23,0.16,0.77
2270_3_IR_15-30,0.26,8.16,0.02,0.06,4.74,5.08,8.25,34.8,56.95,9.89,2305,26.8,86.6,7,146,Adequate,Low,Low,Low,Deficient,2.23,0.16,0.77
2270_1_PC_0-15,0.7,14.16,0.08,0.11,3.48,12.86,10.91,44.36,44.72,11.76,2305,26.8,86.6,7,146,Adequate,Low,Low,Low,Deficient,2.22,0.18,0.9
2270_1_PC_15-30,0.72,13.36,0.09,0.08,3.46,11.42,8.25,34.8,56.95,13.04,2305,26.8,86.6,7,146,Adequate,Low,Low,Low,Deficient,2.22,0.18,0.9
2270_2_PC_0-15,0.47,4.78,0.5,0.17,5.14,5.25,10.91,44.36,44.72,15.37,2305,26.8,86.6,7,146,Adequate,Low,Adequate,Low,Deficient,2.07,0.14,0.63
2270_2_PC_15-30,0.38,3.99,0.14,0.13,4.24,7.91,8.25,34.8,56.95,11.86,2305,26.8,86.6,7,146,Adequate,Low,Low,Low,Deficient,2.07,0.14,0.63
2270_3_PC_0-15,0.67,6.58,0.13,0.07,4.56,5.89,10.91,44.36,44.72,13.63,2305,26.8,86.6,7,146,Adequate,Low,Low,Low,Deficient,2.23,0.16,0.77
2270_3_PC_15-30,0.49,7.39,0.03,0.06,4.37,11.56,8.25,34.8,56.95,9.88,2305,26.8,86.6,7,146,Adequate,Low,Low,Low,Deficient,2.23,0.16,0.77
130M_1_IR_0-15,0.13,0.8,0.02,0.08,4.6,0.54,10.73,42.97,46.3,14.06,2275,26.8,80.9,8,123,Marginal,Low,Low,Low,Deficient,2.63,0.15,0.89
130M_1_IR_15-30,0.14,0.6,0.03,0.08,4.71,0.58,12.71,49.23,38.06,14.4,2275,26.8,80.9,8,123,Marginal,Low,Low,Low,Deficient,2.63,0.15,0.89
130M_2_IR_0-15,0.14,2.6,0.03,0.13,5.08,0.7,10.73,42.97,46.3,10.88,2275,26.8,80.9,8,123,Marginal,Low,Low,Low,Deficient,2.5,0.16,1.02
130M_2_IR_15-30,0.14,2.2,0.01,0.05,4.92,0.69,12.71,49.23,38.06,9.72,2275,26.8,80.9,8,123,Marginal,Low,Low,Low,Deficient,2.5,0.16,1.02
130M_3_IR_0-15,0.1,1.0,0.02,0.06,4.97,0.19,10.73,42.97,46.3,9.86,2275,26.8,80.9,8,123,Low,Low,Low,Low,Deficient,2.51,0.14,0.7
130M_3_IR_15-30,0.12,0.8,0.02,0.05,5.16,0.34,12.71,49.23,38.06,11.95,2275,26.8,80.9,8,123,Marginal,Low,Low,Low,Deficient,2.51,0.14,0.7
130M_1_PC_0-15,0.1,1.2,0.05,0.27,6.72,0.19,10.73,42.97,46.3,14.63,2275,26.8,80.9,8,123,Low,Low,Low,Marginal,Deficient,2.63,0.15,0.89
130M_1_PC_15-30,0.14,1.6,0.01,0.06,3.97,0.62,12.71,49.23,38.06,16.4,2275,26.8,80.9,8,123,Marginal,Low,Low,Low,Deficient,2.63,0.15,0.89
130M_2_PC_0-15,0.16,2.0,0.02,0.45,4.66,0.84,10.73,42.97,46.3,11.42,2275,26.8,80.9,8,123,Adequate,Low,Low,Adequate,Deficient,2.5,0.16,1.02
130M_2_PC_15-30,0.15,1.4,0.01,0.65,5.4,0.89,12.71,49.23,38.06,12.48,2275,26.8,80.9,8,123,Marginal,Low,Low,Adequate,Deficient,2.5,0.16,1.02
130M_3_PC_0-15,0.09,1.0,0.04,0.07,4.63,0.19,10.73,42.97,46.3,12.83,2275,26.8,80.9,8,123,Low,Low,Low,Low,Deficient,2.51,0.14,0.7
130M_3_PC_15-30,0.12,0.6,0.09,0.31,4.85,0.3,12.71,49.23,38.06,13.32,2275,26.8,80.9,8,123,Marginal,Low,Low,Adequate,Deficient,2.51,0.14,0.7
130S_1_IR_0-15,0.1,5.8,0.04,0.16,5.64,0.2,5.5,23.23,71.27,10.92,2024,28.4,71.5,8,123,Low,Low,Low,Low,Deficient,2.42,0.14,1.16
130S_1_IR_15-30,0.09,4.39,0.02,0.12,5.46,,9.01,29.07,61.93,9.77,2024,28.4,71.5,8,123,Low,Low,Low,Low,Deficient,2.42,0.14,1.16
130S_2_IR_0-15,0.11,3.0,0.03,0.14,5.02,0.15,5.5,23.23,71.27,10.96,2024,28.4,71.5,8,123,Low,Low,Low,Low,Deficient,2.53,0.16,0.94
130S_2_IR_15-30,0.09,3.0,0.02,0.12,5.33,0.06,9.01,29.07,61.93,10.34,2024,28.4,71.5,8,123,Low,Low,Low,Low,Deficient,2.53,0.16,0.94
130S_3_IR_0-15,0.11,10.99,0.03,0.07,5.1,0.22,5.5,23.23,71.27,10.77,2024,28.4,71.5,8,123,Low,Low,Low,Low,Deficient,2.55,0.15,0.97
130S_3_IR_15-30,0.1,42.59,0.01,0.06,5.3,0.09,9.01,29.07,61.93,10.27,2024,28.4,71.5,8,123,Low,Adequate,Low,Low,Deficient,2.55,0.15,0.97
130S_1_PC_0-15,0.17,3.79,0.02,0.08,3.78,1.42,5.5,23.23,71.27,7.83,2024,28.4,71.5,8,123,Adequate,Low,Low,Low,Deficient,2.42,0.14,1.16
130S_1_PC_15-30,0.07,0.6,0.03,0.16,5.99,0.05,9.01,29.07,61.93,14.64,2024,28.4,71.5,8,123,Low,Low,Low,Low,Deficient,2.42,0.14,1.16
130S_2_PC_0-15,0.1,5.39,0.08,0.17,4.23,0.16,5.5,23.23,71.27,11.19,2024,28.4,71.5,8,123,Low,Low,Low,Low,Deficient,2.53,0.16,0.94
130S_2_PC_15-30,0.14,0.4,0.02,0.24,3.9,0.34,9.01,29.07,61.93,7.23,2024,28.4,71.5,8,123,Marginal,Low,Low,Marginal,Deficient,2.53,0.16,0.94
130S_3_PC_0-15,0.09,21.34,0.03,0.28,5.18,0.07,5.5,23.23,71.27,8.17,2024,28.4,71.5,8,123,Low,Marginal,Low,Marginal,Deficient,2.55,0.15,0.97
130S_3_PC_15-30,0.09,16.76,0.01,0.16,5.16,0.01,9.01,29.07,61.93,13.22,2024,28.4,71.5,8,123,Low,Marginal,Low,Low,Deficient,2.55,0.15,0.97
332C_1_IR_0-15,0.2,5.59,0.03,0.12,4.58,1.61,4.38,24.21,71.41,8.72,3070,28.3,74.0,15,138,Adequate,Low,Low,Low,Deficient,2.77,0.2,0.77
332C_1_IR_15-30,0.18,3.4,0.05,0.06,4.5,1.41,2.87,19.07,78.06,11.9,3070,28.3,74.0,15,138,Adequate,Low,Low,Low,Deficient,2.77,0.2,0.77
332C_2_IR_0-15,0.16,3.38,0.05,0.06,4.63,1.19,4.38,24.21,71.41,12.45,3070,28.3,74.0,15,138,Adequate,Low,Low,Low,Deficient,2.46,0.19,0.99
332C_2_IR_15-30,0.14,2.39,0.02,0.05,4.63,0.85,2.87,19.07,78.06,8.96,3070,28.3,74.0,15,138,Marginal,Low,Low,Low,Deficient,2.46,0.19,0.99
332C_3_IR_0-15,0.16,7.98,0.03,0.07,4.96,1.27,4.38,24.21,71.41,11.1,3070,28.3,74.0,15,138,Adequate,Low,Low,Low,Deficient,2.57,0.19,0.92
332C_3_IR_15-30,0.16,5.15,0.02,0.06,4.84,1.16,2.87,19.07,78.06,6.18,3070,28.3,74.0,15,138,Adequate,Low,Low,Low,Deficient,2.57,0.19,0.92
332C_1_PC_0-15,0.21,83.91,0.16,0.34,4.51,1.89,4.38,24.21,71.41,14.66,3070,28.3,74.0,15,138,Adequate,Excessive,Marginal,Adequate,Marginal,2.77,0.2,0.77
332C_1_PC_15-30,0.16,4.59,0.04,0.12,3.92,1.31,2.87,19.07,78.06,9.74,3070,28.3,74.0,15,138,Adequate,Low,Low,Low,Deficient,2.77,0.2,0.77
332C_2_PC_0-15,0.19,7.58,0.06,0.08,4.24,1.44,4.38,24.21,71.41,12.72,3070,28.3,74.0,15,138,Adequate,Low,Low,Low,Deficient,2.46,0.19,0.99
332C_2_PC_15-30,0.14,1.99,0.02,0.05,3.91,1.02,2.87,19.07,78.06,11.59,3070,28.3,74.0,15,138,Marginal,Low,Low,Low,Deficient,2.46,0.19,0.99
332C_3_PC_0-15,0.16,41.79,0.04,0.14,5.03,1.17,4.38,24.21,71.41,13.83,3070,28.3,74.0,15,138,Adequate,Adequate,Low,Low,Deficient,2.57,0.19,0.92
332C_3_PC_15-30,0.12,1.7,0.03,0.04,4.52,0.52,2.87,19.07,78.06,9.49,3070,28.3,74.0,15,138,Marginal,Low,Low,Low,Deficient,2.57,0.19,0.92
332T_1_IR_0-15,0.2,3.78,0.04,0.11,5.02,1.8,5.52,20.27,74.21,8.63,1684,28.4,84.1,15,138,Adequate,Low,Low,Low,Deficient,2.9,0.2,0.85
332T_1_IR_15-30,0.14,3.2,0.03,0.04,5.18,1.1,3.04,14.67,82.29,8.1,1684,28.4,84.1,15,138,Marginal,Low,Low,Low,Deficient,2.9,0.2,0.85
332T_2_IR_0-15,0.14,3.29,0.02,0.07,4.17,1.03,5.52,20.27,74.21,9.97,1684,28.4,84.1,15,138,Marginal,Low,Low,Low,Deficient,2.85,0.2,0.89
332T_2_IR_15-30,0.13,2.4,0.04,0.06,4.31,1.32,3.04,14.67,82.29,9.29,1684,28.4,84.1,15,138,Marginal,Low,Low,Low,Deficient,2.85,0.2,0.89
332T_3_IR_0-15,0.18,4.59,0.02,0.07,4.55,1.74,5.52,20.27,74.21,7.27,1684,28.4,84.1,15,138,Adequate,Low,Low,Low,Deficient,2.82,0.2,1.06
332T_3_IR_15-30,0.12,5.19,0.04,0.07,4.79,0.83,3.04,14.67,82.29,5.65,1684,28.4,84.1,15,138,Marginal,Low,Low,Low,Deficient,2.82,0.2,1.06
332T_1_PC_0-15,0.18,43.18,0.16,0.71,5.62,1.37,5.52,20.27,74.21,10.94,1684,28.4,84.1,15,138,Adequate,Adequate,Marginal,Excessive,Marginal,2.9,0.2,0.85
332T_1_PC_15-30,0.12,4.38,0.05,0.11,4.54,0.92,3.04,14.67,82.29,5.0,1684,28.4,84.1,15,138,Marginal,Low,Low,Low,Deficient,2.9,0.2,0.85
332T_2_PC_0-15,0.14,13.59,0.49,0.25,5.27,1.18,5.52,20.27,74.21,11.36,1684,28.4,84.1,15,138,Marginal,Low,Adequate,Marginal,Deficient,2.85,0.2,0.89
332T_2_PC_15-30,0.12,3.79,0.1,0.07,3.98,0.88,3.04,14.67,82.29,6.38,1684,28.4,84.1,15,138,Marginal,Low,Low,Low,Deficient,2.85,0.2,0.89
332T_3_PC_0-15,0.16,14.38,0.07,0.16,4.53,1.17,5.52,20.27,74.21,8.21,1684,28.4,84.1,15,138,Adequate,Low,Low,Low,Deficient,2.82,0.2,1.06
332T_3_PC_15-30,0.12,4.6,0.04,0.07,3.9,0.67,3.04,14.67,82.29,5.62,1684,28.4,84.1,15,138,Marginal,Low,Low,Low,Deficient,2.82,0.2,1.06
