Sample_ID,N_mgkg,P_mgkg,K_mgkg,pH,Moisture_Pct,Rainfall_mm,Temp_C,Humidity_Pct,Fertility_Class
22_1_IR_0-15,1316.45,24.86,75.83,4.04,21.29,1884.02,31.67,75.14,Marginal
22_1_IR_15-30,1306.02,23.48,77.61,4.14,5.27,1250.1,36.66,58.68,Marginal
22_2_IR_0-15,942.34,19.1,77.94,3.04,38.13,2891.63,27.49,79.98,Deficient
22_2_IR_15-30,1391.91,14.36,61.74,2.52,15.99,2953.65,28.25,89.73,Deficient
22_3_IR_0-15,1622.92,36.57,82.17,4.87,32.18,2922.9,27.63,86.24,Marginal
22_3_IR_15-30,876.83,6.68,42.01,2.71,21.85,1978.65,24.55,79.77,Deficient
22_1_PC_0-15,925.61,15.22,73.91,2.68,20.37,2976.13,29.2,79.46,Deficient
22_1_PC_15-30,1315.83,23.96,70.99,3.84,24.01,1707.91,23.99,75.68,Marginal
22_2_PC_0-15,1258.74,21.26,67.02,3.54,24.5,1996.18,31.67,77.95,Deficient
22_2_PC_15-30,745.09,7.73,57.26,4.24,29.02,2263.29,27.47,81.37,Deficient
22_3_PC_0-15,1008.29,8.86,46.64,3.93,32.01,2364.15,26.24,87.75,Deficient
22_3_PC_15-30,1252.69,27.07,96.25,4.33,5.79,1029.38,33.61,58.86,Marginal
37_1_IR_0-15,1026.37,16.93,71.13,3.08,32.37,2924.94,27.04,78.61,Deficient
37_1_IR_15-30,1416.89,26.77,79.5,4.24,8.11,1527.02,35.58,72.6,Marginal
37_2_IR_0-15,1995.68,37.06,167.32,4.49,40.18,3485.09,28.88,89.76,Fertile
37_2_IR_15-30,1021.35,11.18,49.15,2.74,16.29,2606.37,28.08,85.53,Deficient
37_3_IR_0-15,1170.95,12.07,82.43,2.6,29.88,2132.04,28.18,87.37,Deficient
37_3_IR_15-30,1684.22,37.06,166.95,4.85,43.05,3083.96,27.98,84.92,Fertile
37_1_PC_0-15,2366.31,52.35,164.45,5.46,42.67,2590.25,28.05,90.74,Fertile
37_1_PC_15-30,1052.0,6.11,46.29,4.11,34.87,2013.87,25.3,85.18,Deficient
37_2_PC_0-15,550.47,7.24,42.62,4.02,23.4,1881.46,25.39,89.57,Deficient
37_2_PC_15-30,1457.56,21.02,85.45,4.26,7.02,1523.43,34.58,62.4,Marginal
37_3_PC_0-15,759.36,2.45,37.38,4.38,29.76,2082.09,25.03,80.98,Deficient
37_3_PC_15-30,523.21,5.84,32.61,4.28,32.29,2190.45,25.4,85.35,Deficient
69_1_IR_0-15,737.28,3.95,58.7,4.5,31.05,2494.74,26.32,84.59,Deficient
69_1_IR_15-30,1180.04,6.2,49.1,3.0,15.46,2916.4,25.34,85.17,Deficient
69_2_IR_0-15,2025.23,35.23,123.13,4.56,38.03,2037.45,25.69,91.33,Fertile
69_2_IR_15-30,2107.94,50.03,231.84,5.02,27.93,2442.38,24.64,87.64,Fertile
69_3_IR_0-15,1587.4,23.33,76.4,4.26,12.85,1246.31,34.57,55.26,Marginal
69_3_IR_15-30,1445.18,19.58,77.19,4.86,7.0,1485.21,35.66,61.85,Deficient
69_1_PC_0-15,1314.36,23.9,65.34,4.48,5.83,1655.88,36.38,59.86,Marginal
69_1_PC_15-30,1176.74,12.99,67.72,3.21,22.22,2908.6,28.95,89.68,Deficient
69_2_PC_0-15,2450.76,48.53,160.8,4.64,33.35,2852.89,27.7,84.79,Fertile
69_2_PC_15-30,1536.28,15.88,91.07,4.88,10.35,1204.26,36.04,51.92,Deficient
69_3_PC_0-15,1567.57,15.05,77.47,4.67,14.57,1464.82,35.64,57.42,Deficient
69_3_PC_15-30,1152.1,11.94,84.25,2.79,35.16,2411.61,29.78,82.0,Deficient
73_1_IR_0-15,1289.85,29.37,80.72,4.85,13.97,1158.8,33.27,52.73,Marginal
73_1_IR_15-30,816.17,3.29,47.64,4.95,29.11,1862.39,25.46,86.88,Deficient
73_2_IR_0-15,1205.47,23.54,75.23,3.95,21.2,1814.27,31.67,79.52,Marginal
73_2_IR_15-30,1491.4,23.82,65.41,4.06,6.64,1077.58,36.05,65.27,Marginal
73_3_IR_0-15,1462.46,24.63,86.28,4.81,9.23,1321.79,35.27,56.18,Marginal
73_3_IR_15-30,1251.24,15.53,60.97,4.15,12.85,1048.68,33.49,59.53,Deficient
73_1_PC_0-15,1524.71,15.08,73.38,4.35,6.56,1227.25,37.47,57.04,Deficient
73_1_PC_15-30,999.15,8.75,28.05,4.26,28.8,2079.52,25.94,83.76,Deficient
73_2_PC_0-15,961.55,7.1,92.19,2.68,34.99,1827.38,28.99,83.71,Deficient
73_2_PC_15-30,1656.84,32.29,175.86,5.11,28.16,2366.74,25.47,94.48,Fertile
73_3_PC_0-15,872.38,12.61,81.64,3.35,27.97,2828.97,24.49,89.02,Deficient
73_3_PC_15-30,970.27,8.48,48.45,3.36,21.24,1830.73,24.62,85.6,Deficient
116_1_IR_0-15,944.09,12.87,58.7,3.09,37.86,2211.32,27.22,70.49,Deficient
116_1_IR_15-30,1432.97,26.76,67.38,4.97,14.06,1088.26,36.37,63.73,Marginal
116_2_IR_0-15,1248.55,25.9,97.32,4.94,8.77,1099.24,34.29,64.66,Marginal
116_2_IR_15-30,954.58,3.32,36.24,4.13,33.41,2396.0,26.87,80.72,Deficient
116_3_IR_0-15,1214.24,13.72,94.51,2.9,30.08,1531.9,26.97,82.77,Deficient
116_3_IR_15-30,967.15,7.81,83.34,3.05,37.86,2686.08,25.56,83.61,Deficient
116_1_PC_0-15,1956.61,28.53,238.12,5.07,38.2,2024.17,25.43,81.2,Fertile
116_1_PC_15-30,853.22,11.38,78.47,2.68,24.58,2438.84,26.98,75.47,Deficient
116_2_PC_0-15,1068.45,16.12,90.33,2.58,25.87,2141.66,28.46,79.63,Deficient
116_2_PC_15-30,521.43,5.75,49.46,4.62,25.32,2372.21,27.66,87.38,Deficient
116_3_PC_0-15,542.19,4.57,44.65,4.88,27.45,2296.12,27.98,89.02,Deficient
116_3_PC_15-30,896.71,4.19,59.37,4.09,29.16,2193.61,26.82,89.76,Deficient
117_1_IR_0-15,926.87,7.46,43.29,3.31,24.02,2126.37,27.7,71.28,Deficient
117_1_IR_15-30,1200.53,18.94,47.65,3.27,36.85,2009.81,27.93,73.27,Deficient
117_2_IR_0-15,1402.34,16.16,77.99,4.88,13.11,1599.98,37.76,51.7,Deficient
117_2_IR_15-30,1436.14,25.62,61.34,4.45,9.66,1562.63,36.21,66.05,Marginal
117_3_IR_0-15,1348.87,20.52,71.95,4.56,7.74,1585.09,35.96,58.29,Marginal
117_3_IR_15-30,1069.56,8.88,23.75,4.44,32.94,2448.9,25.32,87.85,Deficient
117_1_PC_0-15,876.55,12.54,67.15,2.64,36.23,1764.79,29.59,87.2,Deficient
117_1_PC_15-30,1230.23,11.55,62.86,3.58,19.56,1878.24,23.99,77.19,Deficient
117_2_PC_0-15,1334.32,12.85,40.28,2.88,18.42,2201.1,25.56,85.95,Deficient
117_2_PC_15-30,1462.59,26.41,61.05,4.11,11.89,1479.74,34.01,72.36,Marginal
117_3_PC_0-15,1505.75,19.46,80.69,4.91,12.64,1321.03,37.82,56.11,Deficient
117_3_PC_15-30,1059.0,16.21,53.48,3.26,32.31,1846.0,27.8,83.9,Deficient
125_1_IR_0-15,915.37,13.57,87.84,3.02,30.01,1598.03,24.52,83.87,Deficient
125_1_IR_15-30,878.37,3.88,21.2,4.38,21.43,2356.81,26.65,83.25,Deficient
125_2_IR_0-15,1187.55,10.76,69.9,3.39,20.53,2669.38,28.13,79.61,Deficient
125_3_IR_0-15,1071.29,6.68,27.07,4.66,29.63,2236.51,26.95,83.15,Deficient
125_1_PC_0-15,1122.26,10.65,60.82,2.93,33.31,2474.47,27.25,79.6,Deficient
125_1_PC_15-30,1338.07,7.56,46.64,3.06,18.42,1615.43,29.17,78.52,Deficient
125_2_PC_0-15,891.14,10.97,74.19,3.39,28.85,2743.37,29.26,85.41,Deficient
125_2_PC_15-30,617.07,6.92,45.5,4.52,25.3,1940.65,26.2,81.1,Deficient
125_3_PC_0-15,1207.46,18.16,63.89,2.77,26.15,1750.55,27.24,79.1,Deficient
125_3_PC_15-30,672.73,8.11,54.67,4.09,34.82,1825.31,25.17,84.61,Deficient
135_1_IR_0-15,836.65,5.95,70.35,2.73,29.16,2650.78,25.6,74.26,Deficient
135_1_IR_15-30,1084.38,15.03,90.79,2.57,37.5,2544.43,28.86,79.03,Deficient
135_2_IR_0-15,1284.56,11.37,61.63,4.17,24.86,1959.42,31.67,75.74,Deficient
135_2_IR_15-30,1181.38,3.32,58.99,4.66,21.28,2494.51,25.92,87.16,Deficient
135_3_IR_0-15,1248.88,23.16,71.47,3.76,23.91,1944.14,23.99,77.6,Marginal
135_3_IR_15-30,1156.16,10.38,60.01,3.08,38.76,2420.12,27.8,76.21,Deficient
135_1_PC_0-15,861.88,6.57,24.87,3.81,29.5,2268.64,27.93,82.6,Deficient
135_1_PC_15-30,1273.5,10.89,72.24,3.12,19.63,2986.75,28.68,70.23,Deficient
135_2_PC_0-15,1221.36,14.8,61.68,4.17,19.64,1951.5,31.67,78.92,Deficient
135_2_PC_15-30,1446.01,29.88,85.7,4.05,12.68,1243.21,33.16,56.74,Marginal
135_3_PC_0-15,611.52,3.03,42.77,4.91,22.05,2012.19,27.09,86.37,Deficient
135_3_PC_15-30,1875.17,34.8,230.94,4.36,39.13,2986.76,28.39,92.13,Fertile
136_1_IR_0-15,1591.99,17.82,82.87,4.57,12.9,1684.39,37.52,58.13,Deficient
136_2_IR_0-15,903.39,13.35,63.84,2.95,29.94,2587.15,27.31,85.9,Deficient
136_2_IR_15-30,1317.13,24.24,75.35,4.2,11.28,1329.43,33.34,52.59,Marginal
136_3_IR_0-15,592.77,5.33,25.92,4.34,23.18,1842.1,26.46,82.41,Deficient
136_3_IR_15-30,823.37,8.36,36.13,4.43,27.79,2414.58,25.58,82.97,Deficient
136_1_PC_0-15,891.72,10.02,79.81,2.76,29.2,1760.84,27.73,84.05,Deficient
136_1_PC_15-30,1804.94,39.22,234.38,4.27,43.11,2421.88,28.45,94.37,Fertile
136_2_PC_0-15,659.69,6.88,59.88,4.17,24.11,2443.57,27.44,80.42,Deficient
136_2_PC_15-30,1499.23,23.31,74.49,4.61,10.28,1472.65,36.01,62.3,Marginal
136_3_PC_0-15,995.63,9.67,32.29,3.83,29.36,2449.02,27.9,87.37,Deficient
136_3_PC_15-30,2285.39,59.55,217.57,5.19,27.6,3392.55,26.95,82.63,Fertile
172_1_IR_0-15,1538.61,25.43,79.86,4.85,10.0,1551.12,35.9,64.59,Marginal
172_1_IR_15-30,864.3,6.0,99.09,2.51,32.21,2981.58,26.01,85.93,Deficient
172_2_IR_0-15,1547.4,53.73,112.53,5.02,26.17,3279.66,25.8,90.85,Fertile
172_2_IR_15-30,1587.14,24.54,77.36,4.35,14.0,1234.31,34.48,53.36,Marginal
172_3_IR_0-15,1640.35,44.45,94.01,4.84,43.05,3430.94,24.18,84.47,Marginal
172_3_IR_15-30,966.13,19.85,76.69,3.17,26.9,2102.9,29.27,70.62,Deficient
172_1_PC_0-15,1375.76,17.23,70.37,4.11,6.39,1449.37,37.29,70.98,Deficient
172_1_PC_15-30,1488.36,22.88,68.83,3.51,15.45,1812.94,23.99,75.07,Deficient
172_2_PC_0-15,1119.57,13.62,47.48,2.71,21.16,2076.49,24.96,72.35,Deficient
172_2_PC_15-30,1125.48,6.07,37.71,4.72,21.44,2389.42,25.65,89.55,Deficient
172_3_PC_0-15,1182.13,3.86,47.51,4.22,26.42,1861.35,25.43,86.37,Deficient
172_3_PC_15-30,1060.41,5.89,46.87,4.28,22.52,1906.69,26.52,83.94,Deficient
214_1_IR_0-15,1482.44,15.11,61.15,3.58,20.84,1713.57,23.99,76.06,Deficient
214_1_IR_15-30,993.83,3.04,40.57,4.36,24.12,2115.26,25.2,88.44,Deficient
214_2_IR_0-15,2208.36,56.42,153.25,4.53,38.54,2947.08,28.57,83.43,Fertile
214_2_IR_15-30,1318.18,26.42,63.54,4.9,10.33,1121.46,37.38,56.64,Marginal
214_3_IR_0-15,823.59,7.32,75.0,2.53,21.13,2812.05,26.88,77.95,Deficient
214_3_IR_15-30,882.77,4.84,54.64,4.78,20.35,2164.67,26.86,87.87,Deficient
214_1_PC_0-15,1372.64,22.1,75.05,3.56,20.23,1917.72,23.99,75.67,Deficient
214_1_PC_15-30,1017.85,18.49,50.58,2.98,27.24,1779.66,29.62,70.79,Deficient
214_2_PC_0-15,1527.11,27.38,70.88,4.52,6.86,1641.74,35.49,60.05,Marginal
214_2_PC_15-30,1574.96,23.41,71.29,4.2,10.22,1682.78,36.54,52.75,Marginal
214_3_PC_0-15,1932.51,54.18,150.35,5.38,32.44,2968.56,25.88,88.76,Fertile
214_3_PC_15-30,1221.17,21.03,72.64,4.07,20.28,1905.42,23.99,79.26,Marginal
248_1_IR_0-15,1106.92,6.62,33.05,4.65,21.01,2407.64,26.1,83.5,Deficient
248_1_IR_15-30,1482.07,21.26,73.45,3.76,24.69,1984.94,23.99,77.02,Marginal
248_2_IR_0-15,1388.02,9.28,72.01,2.91,28.14,1946.02,24.92,89.38,Deficient
248_2_IR_15-30,556.0,5.52,46.84,4.53,23.25,2177.97,26.92,88.92,Deficient
248_3_IR_0-15,1544.55,21.19,89.12,4.95,12.96,1535.48,37.41,67.14,Marginal
248_3_IR_15-30,1412.12,27.0,91.43,4.73,10.18,1455.15,36.03,50.13,Marginal
248_1_PC_0-15,949.86,5.09,53.44,3.82,28.2,2328.69,25.18,84.38,Deficient
248_1_PC_15-30,1384.22,26.91,66.36,4.65,11.61,1468.84,35.23,69.71,Marginal
248_2_PC_0-15,2308.59,29.94,99.6,4.44,39.15,2835.65,24.43,87.07,Marginal
248_2_PC_15-30,1109.38,9.66,21.21,3.87,30.43,1984.18,27.95,86.59,Deficient
248_3_PC_0-15,1247.26,9.52,67.13,3.44,31.47,2269.03,26.05,75.83,Deficient
248_3_PC_15-30,1102.05,9.33,50.9,3.14,17.07,2805.15,29.11,78.39,Deficient
267_1_IR_0-15,1163.46,6.75,74.84,2.77,32.64,2825.68,24.4,72.85,Deficient
267_1_IR_15-30,2469.94,57.34,99.23,4.59,36.55,2754.45,26.51,84.5,Marginal
267_2_IR_0-15,536.33,3.42,25.57,4.42,30.01,2265.44,27.89,81.5,Deficient
267_2_IR_15-30,1713.13,32.66,188.55,4.25,30.6,2739.28,27.25,91.0,Fertile
267_3_IR_0-15,1232.87,28.1,73.13,4.41,9.59,1578.95,37.16,51.1,Marginal
267_3_IR_15-30,1598.57,47.19,153.18,4.97,30.26,3044.35,26.66,89.62,Fertile
267_1_PC_0-15,1335.31,26.19,93.27,4.23,8.14,1122.24,34.27,52.09,Marginal
267_1_PC_15-30,1418.01,23.7,62.76,4.05,5.12,1382.11,36.19,64.49,Marginal
267_2_PC_0-15,871.86,14.98,88.17,2.76,37.93,2917.1,27.79,75.38,Deficient
267_2_PC_15-30,1206.98,10.16,76.44,4.11,15.78,1782.02,23.99,79.31,Deficient
267_3_PC_0-15,861.07,14.42,40.79,3.13,19.51,2992.36,26.08,82.36,Deficient
267_3_PC_15-30,1510.58,22.21,90.06,4.51,13.73,1312.49,37.47,51.23,Marginal
273_1_IR_0-15,1184.52,17.98,92.61,2.69,35.74,2394.4,24.78,78.92,Deficient
273_1_IR_15-30,1324.15,10.05,49.2,2.53,32.98,2996.9,28.07,87.88,Deficient
273_2_IR_0-15,1018.56,14.16,60.74,2.77,33.45,1536.6,24.46,88.87,Deficient
273_2_IR_15-30,975.48,7.82,51.22,3.95,24.85,2451.42,26.28,80.12,Deficient
273_3_IR_0-15,1571.23,18.04,70.92,4.25,13.49,1598.16,36.99,64.81,Deficient
273_3_IR_15-30,1397.61,19.43,79.01,3.76,15.43,1792.86,23.99,78.86,Deficient
273_1_PC_0-15,1372.83,19.9,97.63,4.52,14.74,1195.21,37.98,62.18,Deficient
273_1_PC_15-30,1228.01,6.86,96.06,3.16,17.66,1944.46,29.23,72.62,Deficient
273_2_PC_0-15,777.45,9.12,21.66,4.27,23.42,2125.64,27.77,80.12,Deficient
273_2_PC_15-30,1565.99,52.22,217.46,4.32,26.1,3276.85,27.85,87.88,Fertile
273_3_PC_0-15,1265.93,25.15,69.88,4.16,13.81,1295.36,35.61,60.95,Marginal
273_3_PC_15-30,910.71,8.82,95.93,3.29,33.31,2810.52,29.1,87.29,Deficient
274_1_IR_0-15,728.2,8.85,21.57,4.45,20.65,2033.1,26.04,80.19,Deficient
274_1_IR_15-30,2332.61,29.01,86.31,4.57,36.06,2865.78,27.99,88.69,Marginal
274_2_IR_0-15,1002.72,3.96,46.25,4.45,28.68,2160.98,27.99,86.8,Deficient
274_2_IR_15-30,1076.47,8.64,72.56,3.44,16.17,2423.79,25.32,73.02,Deficient
274_3_IR_0-15,1295.69,23.43,74.02,3.76,18.53,1840.61,23.99,76.98,Marginal
274_3_IR_15-30,639.48,2.29,54.74,4.3,22.88,1945.96,26.58,80.71,Deficient
274_1_PC_0-15,1392.99,16.19,75.79,3.89,21.96,1825.47,23.99,78.78,Deficient
274_1_PC_15-30,954.95,7.41,87.64,3.45,35.87,1550.92,28.55,87.43,Deficient
274_2_PC_0-15,2409.41,47.68,118.54,4.43,42.14,2777.98,25.61,92.99,Fertile
274_2_PC_15-30,639.91,3.66,57.98,3.89,33.5,2283.0,26.51,84.88,Deficient
274_3_PC_0-15,2092.82,26.19,216.82,4.68,37.52,3445.47,28.11,92.98,Fertile
274_3_PC_15-30,1867.0,53.27,108.25,4.51,40.82,2555.87,26.71,91.61,Fertile
416_1_IR_0-15,1337.48,15.58,61.82,3.8,19.55,1979.82,31.67,78.1,Deficient
416_1_IR_15-30,981.94,6.68,58.51,4.25,26.17,2470.34,27.29,88.02,Deficient
416_2_IR_0-15,1352.52,7.02,75.17,2.72,22.43,2026.07,27.39,74.6,Deficient
416_2_IR_15-30,812.04,8.02,75.48,2.92,21.8,2679.52,24.04,74.01,Deficient
416_3_IR_0-15,797.42,2.88,50.42,4.11,28.1,2013.28,27.2,81.85,Deficient
416_3_IR_15-30,1656.86,44.59,209.57,4.87,32.48,2398.54,25.8,81.35,Fertile
416_1_PC_0-15,1458.32,28.29,79.32,4.46,11.09,1456.56,37.56,60.12,Marginal
416_1_PC_15-30,1521.56,46.33,85.3,4.85,41.53,3192.42,26.56,83.19,Marginal
416_2_PC_0-15,883.3,19.54,85.75,2.7,31.29,1555.51,25.59,83.67,Deficient
416_2_PC_15-30,1444.34,23.58,74.12,3.66,24.74,1716.91,31.67,79.75,Deficient
416_3_PC_15-30,1535.35,50.81,151.54,5.04,38.34,2210.99,26.58,88.04,Fertile
422_1_IR_0-15,923.8,6.72,55.11,2.87,19.16,1849.44,28.1,78.65,Deficient
422_1_IR_15-30,1217.27,24.05,70.47,4.26,12.12,1077.39,34.26,59.21,Marginal
422_2_IR_0-15,997.25,18.45,87.32,3.49,21.81,2956.59,25.35,72.6,Deficient
422_2_IR_15-30,1011.38,4.04,47.26,3.81,25.86,2378.25,26.38,88.41,Deficient
422_3_IR_0-15,1279.65,12.22,64.05,2.65,24.73,2293.41,27.55,75.48,Deficient
422_3_IR_15-30,1526.38,20.87,63.22,4.17,13.74,1608.97,37.16,71.78,Marginal
422_1_PC_0-15,1352.78,15.14,89.43,4.96,11.5,1070.35,35.75,61.57,Deficient
422_1_PC_15-30,2232.26,36.6,101.21,5.43,43.8,2141.42,27.49,87.15,Fertile
422_2_PC_0-15,1700.47,52.26,188.05,4.51,29.07,2642.85,24.15,81.64,Fertile
422_2_PC_15-30,1196.44,7.58,21.92,4.53,21.19,2147.87,26.85,80.85,Deficient
422_3_PC_0-15,993.25,7.45,63.94,3.38,29.76,1634.12,25.72,79.83,Deficient
1648_1_IR_0-15,888.2,5.4,24.25,4.76,30.87,2220.42,26.53,85.12,Deficient
1648_1_IR_15-30,653.23,5.58,57.14,4.92,26.06,2052.1,25.72,88.95,Deficient
1648_2_IR_0-15,1228.33,17.58,72.36,4.02,17.77,1990.97,31.67,76.74,Deficient
1648_2_IR_15-30,877.33,19.74,84.64,3.24,29.41,2766.82,27.48,76.47,Deficient
1648_3_IR_0-15,1099.07,17.25,95.19,2.91,28.55,1847.51,24.64,71.45,Deficient
1648_3_IR_15-30,1940.71,28.16,226.46,4.22,30.51,2146.67,27.19,81.63,Marginal
1648_1_PC_0-15,996.5,17.22,60.11,2.84,17.29,2818.68,29.89,81.64,Deficient
1648_1_PC_15-30,1090.71,13.93,95.35,2.74,21.56,2126.65,29.02,73.71,Deficient
1648_2_PC_0-15,2099.06,43.68,201.54,4.62,28.61,2552.21,27.51,82.1,Fertile
1648_2_PC_15-30,1208.38,25.33,65.9,4.53,5.65,1345.45,34.59,61.34,Marginal
1648_3_PC_0-15,1248.96,17.15,92.33,2.6,38.42,2441.26,27.95,77.37,Deficient
1648_3_PC_15-30,557.06,7.19,39.84,4.58,28.92,2347.42,25.17,80.38,Deficient
2070_1_IR_0-15,2448.94,28.52,232.44,5.29,29.06,2476.07,25.08,87.63,Fertile
2070_1_IR_15-30,1190.37,6.2,52.63,4.77,27.99,1921.47,26.25,86.6,Deficient
2070_2_IR_0-15,906.21,9.86,83.2,2.65,25.47,1978.13,28.34,83.09,Deficient
2070_2_IR_15-30,1471.61,16.43,77.75,3.83,17.81,1943.17,31.67,76.75,Deficient
2070_3_IR_0-15,2465.67,38.19,134.74,4.62,36.43,2255.07,27.11,83.42,Fertile
2070_3_IR_15-30,1013.66,18.6,94.89,2.92,38.6,1586.76,25.81,74.84,Deficient
2070_1_PC_0-15,1593.87,23.42,62.28,4.79,10.54,1265.9,36.0,66.48,Marginal
2070_1_PC_15-30,1490.39,19.05,69.98,4.76,12.24,1517.19,34.98,52.9,Deficient
2070_2_PC_0-15,1283.72,9.84,41.09,2.52,31.59,2219.81,28.78,83.03,Deficient
2070_2_PC_15-30,2101.51,57.94,169.34,5.45,30.9,3338.18,28.34,86.73,Fertile
2070_3_PC_0-15,1404.9,22.4,62.02,3.91,16.88,1952.64,31.67,77.57,Marginal
2070_3_PC_15-30,2014.72,32.76,228.28,5.15,43.07,3450.02,24.19,81.57,Fertile
2155_1_IR_0-15,1502.02,20.33,90.62,4.41,14.74,1634.13,34.65,72.92,Marginal
2155_1_IR_15-30,1007.4,8.87,89.28,2.97,15.27,1680.85,29.73,89.94,Deficient
2155_2_IR_0-15,1077.52,10.23,74.58,3.22,27.41,1858.17,27.71,85.42,Deficient
2155_2_IR_15-30,554.93,8.9,40.24,4.63,33.26,2311.46,27.59,82.15,Deficient
2155_3_IR_0-15,2184.55,37.25,219.24,5.08,39.53,2855.52,26.7,89.89,Fertile
2155_3_IR_15-30,1559.03,58.97,211.29,4.67,43.57,3459.54,28.05,92.7,Fertile
2155_1_PC_0-15,1207.95,14.23,65.86,4.19,15.74,1973.28,31.67,77.8,Deficient
2155_1_PC_15-30,1536.8,16.39,84.41,4.55,11.28,1391.75,36.89,50.04,Deficient
2155_2_PC_0-15,1449.87,21.92,83.93,4.66,6.04,1577.36,36.55,57.95,Marginal
2155_2_PC_15-30,1022.28,16.4,81.8,3.15,15.78,2652.41,28.25,89.36,Deficient
2155_3_PC_0-15,1493.12,20.01,62.61,4.87,12.03,1636.63,36.74,58.51,Marginal
2155_3_PC_15-30,680.12,8.67,55.05,4.02,21.04,2066.44,26.35,83.53,Deficient
2270_1_IR_0-15,1278.99,21.73,92.11,4.54,6.51,1023.2,33.66,56.59,Marginal
2270_1_IR_15-30,1403.34,26.83,62.51,4.98,13.13,1012.59,33.45,66.29,Marginal
2270_2_IR_0-15,1791.94,38.13,208.69,4.51,32.63,2266.49,24.47,89.56,Fertile
2270_2_IR_15-30,1095.57,7.6,93.63,2.58,19.29,2886.59,28.89,84.99,Deficient
2270_3_IR_0-15,522.08,7.66,39.5,4.26,32.34,2329.31,25.08,80.98,Deficient
2270_3_IR_15-30,1107.01,19.08,67.05,2.79,33.2,1563.14,28.95,88.42,Deficient
2270_1_PC_0-15,960.44,4.66,35.72,4.14,21.93,2077.89,27.08,81.5,Deficient
2270_1_PC_15-30,1075.48,7.8,77.2,2.65,39.61,2546.13,28.18,89.47,Deficient
2270_2_PC_0-15,627.3,3.34,28.61,4.38,30.39,2187.66,25.91,80.67,Deficient
2270_2_PC_15-30,944.86,7.79,38.14,4.54,31.71,1867.67,26.1,84.54,Deficient
2270_3_PC_0-15,822.01,17.46,65.45,3.32,23.36,2031.93,24.95,85.22,Deficient
2270_3_PC_15-30,1282.27,18.7,99.93,4.56,13.14,1167.67,33.57,54.71,Deficient
130M_1_IR_0-15,1142.47,13.15,65.14,3.29,39.69,2025.19,24.41,72.1,Deficient
130M_1_IR_15-30,1270.97,15.97,98.26,4.46,6.61,1604.33,36.07,51.43,Deficient
130M_2_IR_0-15,849.06,5.78,96.84,3.15,23.89,2698.17,26.09,78.19,Deficient
130M_2_IR_15-30,1392.73,22.05,68.97,4.16,24.93,1748.79,31.67,77.76,Marginal
130M_3_IR_0-15,845.52,11.16,54.91,2.57,17.94,2793.06,27.56,70.44,Deficient
130M_3_IR_15-30,1519.49,26.0,93.59,4.65,10.72,1588.17,36.74,50.88,Marginal
130M_1_PC_0-15,1300.9,24.29,89.18,4.46,9.14,1181.94,35.21,69.77,Marginal
130M_1_PC_15-30,1235.45,14.79,61.7,3.51,21.98,1943.87,31.67,79.63,Deficient
130M_2_PC_0-15,1108.81,3.43,48.12,4.21,26.78,1964.25,26.3,84.76,Deficient
130M_2_PC_15-30,561.42,5.47,38.04,4.19,34.27,2495.9,26.92,87.6,Deficient
130M_3_PC_0-15,1337.12,15.96,95.53,2.7,16.88,1850.41,24.18,70.65,Deficient
130M_3_PC_15-30,2112.24,35.55,119.67,4.39,39.79,3410.75,26.89,86.87,Fertile
130S_1_IR_0-15,909.13,17.26,60.52,2.54,20.16,1845.01,29.33,75.47,Deficient
130S_1_IR_15-30,506.83,2.32,57.37,3.94,28.25,2027.03,27.08,84.81,Deficient
130S_2_IR_0-15,1509.85,16.49,76.85,4.42,14.55,1314.8,35.4,54.97,Deficient
130S_2_IR_15-30,1453.46,15.84,61.46,3.7,20.84,1824.45,31.67,78.11,Deficient
130S_3_IR_0-15,848.24,8.55,45.98,4.17,21.56,2113.04,25.19,87.37,Deficient
130S_3_IR_15-30,1220.81,21.32,62.34,3.58,23.9,1745.13,23.99,76.96,Deficient
130S_1_PC_0-15,1792.85,30.79,129.97,5.48,42.85,3372.38,26.33,85.98,Fertile
130S_1_PC_15-30,1119.27,7.72,46.79,3.39,27.39,1526.81,24.77,82.33,Deficient
130S_2_PC_0-15,951.46,19.48,84.19,2.89,34.27,1930.86,29.29,82.52,Deficient
130S_2_PC_15-30,1440.75,20.33,83.51,4.46,8.92,1443.27,37.28,69.26,Marginal
130S_3_PC_0-15,1248.6,20.52,67.44,4.71,11.48,1148.64,36.03,53.16,Marginal
130S_3_PC_15-30,1577.23,28.15,94.91,4.72,6.82,1358.35,33.41,66.85,Marginal
332C_1_IR_0-15,1216.78,18.06,64.73,4.98,7.84,1434.03,34.56,50.18,Deficient
332C_1_IR_15-30,945.48,17.63,95.25,2.53,35.48,2519.47,28.91,72.5,Deficient
332C_2_IR_0-15,1248.48,18.94,76.4,3.35,29.92,1665.71,28.52,86.9,Deficient
332C_2_IR_15-30,1682.64,27.54,134.13,4.99,27.77,2293.67,27.51,90.24,Fertile
332C_3_IR_0-15,1671.35,50.79,172.15,4.9,38.61,2578.26,26.61,82.37,Fertile
332C_3_IR_15-30,901.36,16.54,53.76,2.9,19.38,2309.24,26.24,71.65,Deficient
332C_1_PC_0-15,1507.69,17.4,68.82,4.02,9.93,1497.7,33.65,73.32,Deficient
332C_1_PC_15-30,1363.69,21.65,69.89,4.13,21.28,1959.82,23.99,78.52,Marginal
332C_2_PC_0-15,1554.77,25.83,78.33,4.08,9.36,1212.46,33.56,59.47,Marginal
332C_2_PC_15-30,1805.31,55.35,119.52,4.25,38.39,3404.3,24.26,86.58,Fertile
332C_3_PC_0-15,1019.15,3.63,52.23,4.48,23.51,2353.02,27.48,86.61,Deficient
332C_3_PC_15-30,735.49,2.58,46.99,3.92,30.76,2455.87,25.36,86.14,Deficient
332T_1_IR_0-15,741.81,4.13,51.83,4.96,33.2,1856.64,27.31,81.74,Deficient
332T_1_IR_15-30,1059.61,9.21,20.2,4.07,32.6,1922.71,25.52,89.6,Deficient
332T_2_IR_0-15,947.57,7.09,50.68,2.64,37.89,2094.36,24.27,81.19,Deficient
332T_2_IR_15-30,1285.4,22.47,90.38,4.2,13.5,1195.75,36.3,68.03,Marginal
332T_3_IR_0-15,867.96,9.66,57.69,4.03,23.48,1889.4,27.34,82.55,Deficient
332T_3_IR_15-30,1409.02,24.25,79.73,4.18,20.36,1999.92,31.67,77.46,Marginal
332T_1_PC_0-15,824.52,9.2,49.0,2.94,31.63,1972.94,26.45,74.42,Deficient
332T_1_PC_15-30,1296.28,29.95,93.68,4.07,13.85,1213.41,37.17,73.83,Marginal
332T_2_PC_0-15,852.15,11.59,60.78,3.05,36.82,2914.1,28.57,77.85,Deficient
332T_2_PC_15-30,1154.41,9.18,46.61,4.84,26.36,2043.3,25.41,84.88,Deficient
332T_3_PC_0-15,1375.73,12.66,66.57,4.03,20.54,1946.76,23.99,79.38,Deficient
332T_3_PC_15-30,573.09,6.99,54.63,4.6,23.55,2175.08,25.44,85.48,Deficient
